Copyright 1986-2022 Xilinx, Inc. All Rights Reserved. Copyright 2022-2023 Advanced Micro Devices, Inc. All Rights Reserved.
---------------------------------------------------------------------------------------------------------------------------------------------------------------------------------------------------------------------------------------------------------------------------
| Tool Version : Vivado v.2023.2 (win64) Build 4029153 Fri Oct 13 20:14:34 MDT 2023
| Date         : Sat Oct  3 14:07:23 2026
| Host         : LAPTOP-QFA7V704 running 64-bit major release  (build 9200)
| Command      : report_timing_summary -max_paths 10 -report_unconstrained -file can_stuff_destuff_demo_top_timing_summary_routed.rpt -pb can_stuff_destuff_demo_top_timing_summary_routed.pb -rpx can_stuff_destuff_demo_top_timing_summary_routed.rpx -warn_on_violation
| Design       : can_stuff_destuff_demo_top
| Device       : 7a100t-csg324
| Speed File   : -1  PRODUCTION 1.23 2018-06-13
| Design State : Routed
---------------------------------------------------------------------------------------------------------------------------------------------------------------------------------------------------------------------------------------------------------------------------

Timing Summary Report

------------------------------------------------------------------------------------------------
| Timer Settings
| --------------
------------------------------------------------------------------------------------------------

  Enable Multi Corner Analysis               :  Yes
  Enable Pessimism Removal                   :  Yes
  Pessimism Removal Resolution               :  Nearest Common Node
  Enable Input Delay Default Clock           :  No
  Enable Preset / Clear Arcs                 :  No
  Disable Flight Delays                      :  No
  Ignore I/O Paths                           :  No
  Timing Early Launch at Borrowing Latches   :  No
  Borrow Time for Max Delay Exceptions       :  Yes
  Merge Timing Exceptions                    :  Yes
  Inter-SLR Compensation                     :  Conservative

  Corner  Analyze    Analyze    
  Name    Max Paths  Min Paths  
  ------  ---------  ---------  
  Slow    Yes        Yes        
  Fast    Yes        Yes        


------------------------------------------------------------------------------------------------
| Report Methodology
| ------------------
------------------------------------------------------------------------------------------------

Rule       Severity  Description                    Violations  
---------  --------  -----------------------------  ----------  
TIMING-18  Warning   Missing input or output delay  11          

Note: This report is based on the most recent report_methodology run and may not be up-to-date. Run report_methodology on the current design for the latest report.



check_timing report

Table of Contents
-----------------
1. checking no_clock (0)
2. checking constant_clock (0)
3. checking pulse_width_clock (0)
4. checking unconstrained_internal_endpoints (0)
5. checking no_input_delay (4)
6. checking no_output_delay (7)
7. checking multiple_clock (0)
8. checking generated_clocks (0)
9. checking loops (0)
10. checking partial_input_delay (0)
11. checking partial_output_delay (0)
12. checking latch_loops (0)

1. checking no_clock (0)
------------------------
 There are 0 register/latch pins with no clock.


2. checking constant_clock (0)
------------------------------
 There are 0 register/latch pins with constant_clock.


3. checking pulse_width_clock (0)
---------------------------------
 There are 0 register/latch pins which need pulse_width check


4. checking unconstrained_internal_endpoints (0)
------------------------------------------------
 There are 0 pins that are not constrained for maximum delay.

 There are 0 pins that are not constrained for maximum delay due to constant clock.


5. checking no_input_delay (4)
------------------------------
 There are 4 input ports with no input delay specified. (HIGH)

 There are 0 input ports with no input delay but user has a false path constraint.


6. checking no_output_delay (7)
-------------------------------
 There are 7 ports with no output delay specified. (HIGH)

 There are 0 ports with no output delay but user has a false path constraint

 There are 0 ports with no output delay but with a timing clock defined on it or propagating through it


7. checking multiple_clock (0)
------------------------------
 There are 0 register/latch pins with multiple clocks.


8. checking generated_clocks (0)
--------------------------------
 There are 0 generated clocks that are not connected to a clock source.


9. checking loops (0)
---------------------
 There are 0 combinational loops in the design.


10. checking partial_input_delay (0)
------------------------------------
 There are 0 input ports with partial input delay specified.


11. checking partial_output_delay (0)
-------------------------------------
 There are 0 ports with partial output delay specified.


12. checking latch_loops (0)
----------------------------
 There are 0 combinational latch loops in the design through latch input



------------------------------------------------------------------------------------------------
| Design Timing Summary
| ---------------------
------------------------------------------------------------------------------------------------

    WNS(ns)      TNS(ns)  TNS Failing Endpoints  TNS Total Endpoints      WHS(ns)      THS(ns)  THS Failing Endpoints  THS Total Endpoints     WPWS(ns)     TPWS(ns)  TPWS Failing Endpoints  TPWS Total Endpoints  
    -------      -------  ---------------------  -------------------      -------      -------  ---------------------  -------------------     --------     --------  ----------------------  --------------------  
      5.760        0.000                      0                  152        0.222        0.000                      0                  152        4.500        0.000                       0                   110  


All user specified timing constraints are met.


------------------------------------------------------------------------------------------------
| Clock Summary
| -------------
------------------------------------------------------------------------------------------------

Clock        Waveform(ns)       Period(ns)      Frequency(MHz)
-----        ------------       ----------      --------------
sys_clk_pin  {0.000 5.000}      10.000          100.000         


------------------------------------------------------------------------------------------------
| Intra Clock Table
| -----------------
------------------------------------------------------------------------------------------------

Clock             WNS(ns)      TNS(ns)  TNS Failing Endpoints  TNS Total Endpoints      WHS(ns)      THS(ns)  THS Failing Endpoints  THS Total Endpoints     WPWS(ns)     TPWS(ns)  TPWS Failing Endpoints  TPWS Total Endpoints  
-----             -------      -------  ---------------------  -------------------      -------      -------  ---------------------  -------------------     --------     --------  ----------------------  --------------------  
sys_clk_pin         5.760        0.000                      0                  152        0.222        0.000                      0                  152        4.500        0.000                       0                   110  


------------------------------------------------------------------------------------------------
| Inter Clock Table
| -----------------
------------------------------------------------------------------------------------------------

From Clock    To Clock          WNS(ns)      TNS(ns)  TNS Failing Endpoints  TNS Total Endpoints      WHS(ns)      THS(ns)  THS Failing Endpoints  THS Total Endpoints  
----------    --------          -------      -------  ---------------------  -------------------      -------      -------  ---------------------  -------------------  


------------------------------------------------------------------------------------------------
| Other Path Groups Table
| -----------------------
------------------------------------------------------------------------------------------------

Path Group    From Clock    To Clock          WNS(ns)      TNS(ns)  TNS Failing Endpoints  TNS Total Endpoints      WHS(ns)      THS(ns)  THS Failing Endpoints  THS Total Endpoints  
----------    ----------    --------          -------      -------  ---------------------  -------------------      -------      -------  ---------------------  -------------------  


------------------------------------------------------------------------------------------------
| User Ignored Path Table
| -----------------------
------------------------------------------------------------------------------------------------

Path Group    From Clock    To Clock    
----------    ----------    --------    


------------------------------------------------------------------------------------------------
| Unconstrained Path Table
| ------------------------
------------------------------------------------------------------------------------------------

Path Group    From Clock    To Clock    
----------    ----------    --------    
(none)        sys_clk_pin                 
(none)                      sys_clk_pin   


------------------------------------------------------------------------------------------------
| Timing Details
| --------------
------------------------------------------------------------------------------------------------


---------------------------------------------------------------------------------------------------
From Clock:  sys_clk_pin
  To Clock:  sys_clk_pin

Setup :            0  Failing Endpoints,  Worst Slack        5.760ns,  Total Violation        0.000ns
Hold  :            0  Failing Endpoints,  Worst Slack        0.222ns,  Total Violation        0.000ns
PW    :            0  Failing Endpoints,  Worst Slack        4.500ns,  Total Violation        0.000ns
---------------------------------------------------------------------------------------------------


Max Delay Paths
--------------------------------------------------------------------------------------
Slack (MET) :             5.760ns  (required time - arrival time)
  Source:                 db_cnt_reg[3]/C
                            (rising edge-triggered cell FDCE clocked by sys_clk_pin  {rise@0.000ns fall@5.000ns period=10.000ns})
  Destination:            db_cnt_reg[18]/D
                            (rising edge-triggered cell FDCE clocked by sys_clk_pin  {rise@0.000ns fall@5.000ns period=10.000ns})
  Path Group:             sys_clk_pin
  Path Type:              Setup (Max at Slow Process Corner)
  Requirement:            10.000ns  (sys_clk_pin rise@10.000ns - sys_clk_pin rise@0.000ns)
  Data Path Delay:        4.216ns  (logic 0.966ns (22.914%)  route 3.250ns (77.085%))
  Logic Levels:           3  (LUT3=1 LUT4=1 LUT5=1)
  Clock Path Skew:        -0.021ns (DCD - SCD + CPR)
    Destination Clock Delay (DCD):    5.021ns = ( 15.021 - 10.000 ) 
    Source Clock Delay      (SCD):    5.318ns
    Clock Pessimism Removal (CPR):    0.276ns
  Clock Uncertainty:      0.035ns  ((TSJ^2 + TIJ^2)^1/2 + DJ) / 2 + PE
    Total System Jitter     (TSJ):    0.071ns
    Total Input Jitter      (TIJ):    0.000ns
    Discrete Jitter          (DJ):    0.000ns
    Phase Error              (PE):    0.000ns

    Location             Delay type                Incr(ns)  Path(ns)    Netlist Resource(s)
  -------------------------------------------------------------------    -------------------
                         (clock sys_clk_pin rise edge)
                                                      0.000     0.000 r  
    E3                                                0.000     0.000 r  clk (IN)
                         net (fo=0)                   0.000     0.000    clk
    E3                   IBUF (Prop_ibuf_I_O)         1.482     1.482 r  clk_IBUF_inst/O
                         net (fo=1, routed)           2.025     3.506    clk_IBUF
    BUFGCTRL_X0Y16       BUFG (Prop_bufg_I_O)         0.096     3.602 r  clk_IBUF_BUFG_inst/O
                         net (fo=109, routed)         1.715     5.318    clk_IBUF_BUFG
    SLICE_X4Y82          FDCE                                         r  db_cnt_reg[3]/C
  -------------------------------------------------------------------    -------------------
    SLICE_X4Y82          FDCE (Prop_fdce_C_Q)         0.419     5.737 f  db_cnt_reg[3]/Q
                         net (fo=2, routed)           1.255     6.991    db_cnt_reg_n_0_[3]
    SLICE_X3Y85          LUT4 (Prop_lut4_I2_O)        0.299     7.290 r  db_cnt[20]_i_7/O
                         net (fo=2, routed)           0.808     8.099    db_cnt[20]_i_7_n_0
    SLICE_X3Y83          LUT5 (Prop_lut5_I2_O)        0.124     8.223 r  db_cnt[20]_i_4/O
                         net (fo=20, routed)          1.187     9.409    db_cnt[20]_i_4_n_0
    SLICE_X4Y85          LUT3 (Prop_lut3_I0_O)        0.124     9.533 r  db_cnt[18]_i_1/O
                         net (fo=1, routed)           0.000     9.533    db_cnt[18]_i_1_n_0
    SLICE_X4Y85          FDCE                                         r  db_cnt_reg[18]/D
  -------------------------------------------------------------------    -------------------

                         (clock sys_clk_pin rise edge)
                                                     10.000    10.000 r  
    E3                                                0.000    10.000 r  clk (IN)
                         net (fo=0)                   0.000    10.000    clk
    E3                   IBUF (Prop_ibuf_I_O)         1.411    11.411 r  clk_IBUF_inst/O
                         net (fo=1, routed)           1.920    13.331    clk_IBUF
    BUFGCTRL_X0Y16       BUFG (Prop_bufg_I_O)         0.091    13.422 r  clk_IBUF_BUFG_inst/O
                         net (fo=109, routed)         1.598    15.021    clk_IBUF_BUFG
    SLICE_X4Y85          FDCE                                         r  db_cnt_reg[18]/C
                         clock pessimism              0.276    15.297    
                         clock uncertainty           -0.035    15.261    
    SLICE_X4Y85          FDCE (Setup_fdce_C_D)        0.032    15.293    db_cnt_reg[18]
  -------------------------------------------------------------------
                         required time                         15.293    
                         arrival time                          -9.533    
  -------------------------------------------------------------------
                         slack                                  5.760    

Slack (MET) :             5.760ns  (required time - arrival time)
  Source:                 db_cnt_reg[3]/C
                            (rising edge-triggered cell FDCE clocked by sys_clk_pin  {rise@0.000ns fall@5.000ns period=10.000ns})
  Destination:            db_cnt_reg[17]/D
                            (rising edge-triggered cell FDCE clocked by sys_clk_pin  {rise@0.000ns fall@5.000ns period=10.000ns})
  Path Group:             sys_clk_pin
  Path Type:              Setup (Max at Slow Process Corner)
  Requirement:            10.000ns  (sys_clk_pin rise@10.000ns - sys_clk_pin rise@0.000ns)
  Data Path Delay:        4.214ns  (logic 0.966ns (22.922%)  route 3.248ns (77.078%))
  Logic Levels:           3  (LUT3=1 LUT4=1 LUT5=1)
  Clock Path Skew:        -0.021ns (DCD - SCD + CPR)
    Destination Clock Delay (DCD):    5.021ns = ( 15.021 - 10.000 ) 
    Source Clock Delay      (SCD):    5.318ns
    Clock Pessimism Removal (CPR):    0.276ns
  Clock Uncertainty:      0.035ns  ((TSJ^2 + TIJ^2)^1/2 + DJ) / 2 + PE
    Total System Jitter     (TSJ):    0.071ns
    Total Input Jitter      (TIJ):    0.000ns
    Discrete Jitter          (DJ):    0.000ns
    Phase Error              (PE):    0.000ns

    Location             Delay type                Incr(ns)  Path(ns)    Netlist Resource(s)
  -------------------------------------------------------------------    -------------------
                         (clock sys_clk_pin rise edge)
                                                      0.000     0.000 r  
    E3                                                0.000     0.000 r  clk (IN)
                         net (fo=0)                   0.000     0.000    clk
    E3                   IBUF (Prop_ibuf_I_O)         1.482     1.482 r  clk_IBUF_inst/O
                         net (fo=1, routed)           2.025     3.506    clk_IBUF
    BUFGCTRL_X0Y16       BUFG (Prop_bufg_I_O)         0.096     3.602 r  clk_IBUF_BUFG_inst/O
                         net (fo=109, routed)         1.715     5.318    clk_IBUF_BUFG
    SLICE_X4Y82          FDCE                                         r  db_cnt_reg[3]/C
  -------------------------------------------------------------------    -------------------
    SLICE_X4Y82          FDCE (Prop_fdce_C_Q)         0.419     5.737 f  db_cnt_reg[3]/Q
                         net (fo=2, routed)           1.255     6.991    db_cnt_reg_n_0_[3]
    SLICE_X3Y85          LUT4 (Prop_lut4_I2_O)        0.299     7.290 r  db_cnt[20]_i_7/O
                         net (fo=2, routed)           0.808     8.099    db_cnt[20]_i_7_n_0
    SLICE_X3Y83          LUT5 (Prop_lut5_I2_O)        0.124     8.223 r  db_cnt[20]_i_4/O
                         net (fo=20, routed)          1.185     9.408    db_cnt[20]_i_4_n_0
    SLICE_X4Y85          LUT3 (Prop_lut3_I0_O)        0.124     9.532 r  db_cnt[17]_i_1/O
                         net (fo=1, routed)           0.000     9.532    db_cnt[17]_i_1_n_0
    SLICE_X4Y85          FDCE                                         r  db_cnt_reg[17]/D
  -------------------------------------------------------------------    -------------------

                         (clock sys_clk_pin rise edge)
                                                     10.000    10.000 r  
    E3                                                0.000    10.000 r  clk (IN)
                         net (fo=0)                   0.000    10.000    clk
    E3                   IBUF (Prop_ibuf_I_O)         1.411    11.411 r  clk_IBUF_inst/O
                         net (fo=1, routed)           1.920    13.331    clk_IBUF
    BUFGCTRL_X0Y16       BUFG (Prop_bufg_I_O)         0.091    13.422 r  clk_IBUF_BUFG_inst/O
                         net (fo=109, routed)         1.598    15.021    clk_IBUF_BUFG
    SLICE_X4Y85          FDCE                                         r  db_cnt_reg[17]/C
                         clock pessimism              0.276    15.297    
                         clock uncertainty           -0.035    15.261    
    SLICE_X4Y85          FDCE (Setup_fdce_C_D)        0.031    15.292    db_cnt_reg[17]
  -------------------------------------------------------------------
                         required time                         15.292    
                         arrival time                          -9.532    
  -------------------------------------------------------------------
                         slack                                  5.760    

Slack (MET) :             5.774ns  (required time - arrival time)
  Source:                 db_cnt_reg[3]/C
                            (rising edge-triggered cell FDCE clocked by sys_clk_pin  {rise@0.000ns fall@5.000ns period=10.000ns})
  Destination:            db_cnt_reg[19]/D
                            (rising edge-triggered cell FDCE clocked by sys_clk_pin  {rise@0.000ns fall@5.000ns period=10.000ns})
  Path Group:             sys_clk_pin
  Path Type:              Setup (Max at Slow Process Corner)
  Requirement:            10.000ns  (sys_clk_pin rise@10.000ns - sys_clk_pin rise@0.000ns)
  Data Path Delay:        4.244ns  (logic 0.996ns (23.466%)  route 3.248ns (76.534%))
  Logic Levels:           3  (LUT3=1 LUT4=1 LUT5=1)
  Clock Path Skew:        -0.021ns (DCD - SCD + CPR)
    Destination Clock Delay (DCD):    5.021ns = ( 15.021 - 10.000 ) 
    Source Clock Delay      (SCD):    5.318ns
    Clock Pessimism Removal (CPR):    0.276ns
  Clock Uncertainty:      0.035ns  ((TSJ^2 + TIJ^2)^1/2 + DJ) / 2 + PE
    Total System Jitter     (TSJ):    0.071ns
    Total Input Jitter      (TIJ):    0.000ns
    Discrete Jitter          (DJ):    0.000ns
    Phase Error              (PE):    0.000ns

    Location             Delay type                Incr(ns)  Path(ns)    Netlist Resource(s)
  -------------------------------------------------------------------    -------------------
                         (clock sys_clk_pin rise edge)
                                                      0.000     0.000 r  
    E3                                                0.000     0.000 r  clk (IN)
                         net (fo=0)                   0.000     0.000    clk
    E3                   IBUF (Prop_ibuf_I_O)         1.482     1.482 r  clk_IBUF_inst/O
                         net (fo=1, routed)           2.025     3.506    clk_IBUF
    BUFGCTRL_X0Y16       BUFG (Prop_bufg_I_O)         0.096     3.602 r  clk_IBUF_BUFG_inst/O
                         net (fo=109, routed)         1.715     5.318    clk_IBUF_BUFG
    SLICE_X4Y82          FDCE                                         r  db_cnt_reg[3]/C
  -------------------------------------------------------------------    -------------------
    SLICE_X4Y82          FDCE (Prop_fdce_C_Q)         0.419     5.737 f  db_cnt_reg[3]/Q
                         net (fo=2, routed)           1.255     6.991    db_cnt_reg_n_0_[3]
    SLICE_X3Y85          LUT4 (Prop_lut4_I2_O)        0.299     7.290 r  db_cnt[20]_i_7/O
                         net (fo=2, routed)           0.808     8.099    db_cnt[20]_i_7_n_0
    SLICE_X3Y83          LUT5 (Prop_lut5_I2_O)        0.124     8.223 r  db_cnt[20]_i_4/O
                         net (fo=20, routed)          1.185     9.408    db_cnt[20]_i_4_n_0
    SLICE_X4Y85          LUT3 (Prop_lut3_I0_O)        0.154     9.562 r  db_cnt[19]_i_1/O
                         net (fo=1, routed)           0.000     9.562    db_cnt[19]_i_1_n_0
    SLICE_X4Y85          FDCE                                         r  db_cnt_reg[19]/D
  -------------------------------------------------------------------    -------------------

                         (clock sys_clk_pin rise edge)
                                                     10.000    10.000 r  
    E3                                                0.000    10.000 r  clk (IN)
                         net (fo=0)                   0.000    10.000    clk
    E3                   IBUF (Prop_ibuf_I_O)         1.411    11.411 r  clk_IBUF_inst/O
                         net (fo=1, routed)           1.920    13.331    clk_IBUF
    BUFGCTRL_X0Y16       BUFG (Prop_bufg_I_O)         0.091    13.422 r  clk_IBUF_BUFG_inst/O
                         net (fo=109, routed)         1.598    15.021    clk_IBUF_BUFG
    SLICE_X4Y85          FDCE                                         r  db_cnt_reg[19]/C
                         clock pessimism              0.276    15.297    
                         clock uncertainty           -0.035    15.261    
    SLICE_X4Y85          FDCE (Setup_fdce_C_D)        0.075    15.336    db_cnt_reg[19]
  -------------------------------------------------------------------
                         required time                         15.336    
                         arrival time                          -9.562    
  -------------------------------------------------------------------
                         slack                                  5.774    

Slack (MET) :             5.778ns  (required time - arrival time)
  Source:                 db_cnt_reg[3]/C
                            (rising edge-triggered cell FDCE clocked by sys_clk_pin  {rise@0.000ns fall@5.000ns period=10.000ns})
  Destination:            db_cnt_reg[20]/D
                            (rising edge-triggered cell FDCE clocked by sys_clk_pin  {rise@0.000ns fall@5.000ns period=10.000ns})
  Path Group:             sys_clk_pin
  Path Type:              Setup (Max at Slow Process Corner)
  Requirement:            10.000ns  (sys_clk_pin rise@10.000ns - sys_clk_pin rise@0.000ns)
  Data Path Delay:        4.241ns  (logic 0.991ns (23.369%)  route 3.250ns (76.631%))
  Logic Levels:           3  (LUT3=1 LUT4=1 LUT5=1)
  Clock Path Skew:        -0.021ns (DCD - SCD + CPR)
    Destination Clock Delay (DCD):    5.021ns = ( 15.021 - 10.000 ) 
    Source Clock Delay      (SCD):    5.318ns
    Clock Pessimism Removal (CPR):    0.276ns
  Clock Uncertainty:      0.035ns  ((TSJ^2 + TIJ^2)^1/2 + DJ) / 2 + PE
    Total System Jitter     (TSJ):    0.071ns
    Total Input Jitter      (TIJ):    0.000ns
    Discrete Jitter          (DJ):    0.000ns
    Phase Error              (PE):    0.000ns

    Location             Delay type                Incr(ns)  Path(ns)    Netlist Resource(s)
  -------------------------------------------------------------------    -------------------
                         (clock sys_clk_pin rise edge)
                                                      0.000     0.000 r  
    E3                                                0.000     0.000 r  clk (IN)
                         net (fo=0)                   0.000     0.000    clk
    E3                   IBUF (Prop_ibuf_I_O)         1.482     1.482 r  clk_IBUF_inst/O
                         net (fo=1, routed)           2.025     3.506    clk_IBUF
    BUFGCTRL_X0Y16       BUFG (Prop_bufg_I_O)         0.096     3.602 r  clk_IBUF_BUFG_inst/O
                         net (fo=109, routed)         1.715     5.318    clk_IBUF_BUFG
    SLICE_X4Y82          FDCE                                         r  db_cnt_reg[3]/C
  -------------------------------------------------------------------    -------------------
    SLICE_X4Y82          FDCE (Prop_fdce_C_Q)         0.419     5.737 f  db_cnt_reg[3]/Q
                         net (fo=2, routed)           1.255     6.991    db_cnt_reg_n_0_[3]
    SLICE_X3Y85          LUT4 (Prop_lut4_I2_O)        0.299     7.290 r  db_cnt[20]_i_7/O
                         net (fo=2, routed)           0.808     8.099    db_cnt[20]_i_7_n_0
    SLICE_X3Y83          LUT5 (Prop_lut5_I2_O)        0.124     8.223 r  db_cnt[20]_i_4/O
                         net (fo=20, routed)          1.187     9.409    db_cnt[20]_i_4_n_0
    SLICE_X4Y85          LUT3 (Prop_lut3_I2_O)        0.149     9.558 r  db_cnt[20]_i_2/O
                         net (fo=1, routed)           0.000     9.558    db_cnt[20]_i_2_n_0
    SLICE_X4Y85          FDCE                                         r  db_cnt_reg[20]/D
  -------------------------------------------------------------------    -------------------

                         (clock sys_clk_pin rise edge)
                                                     10.000    10.000 r  
    E3                                                0.000    10.000 r  clk (IN)
                         net (fo=0)                   0.000    10.000    clk
    E3                   IBUF (Prop_ibuf_I_O)         1.411    11.411 r  clk_IBUF_inst/O
                         net (fo=1, routed)           1.920    13.331    clk_IBUF
    BUFGCTRL_X0Y16       BUFG (Prop_bufg_I_O)         0.091    13.422 r  clk_IBUF_BUFG_inst/O
                         net (fo=109, routed)         1.598    15.021    clk_IBUF_BUFG
    SLICE_X4Y85          FDCE                                         r  db_cnt_reg[20]/C
                         clock pessimism              0.276    15.297    
                         clock uncertainty           -0.035    15.261    
    SLICE_X4Y85          FDCE (Setup_fdce_C_D)        0.075    15.336    db_cnt_reg[20]
  -------------------------------------------------------------------
                         required time                         15.336    
                         arrival time                          -9.558    
  -------------------------------------------------------------------
                         slack                                  5.778    

Slack (MET) :             5.838ns  (required time - arrival time)
  Source:                 idx_reg[2]/C
                            (rising edge-triggered cell FDCE clocked by sys_clk_pin  {rise@0.000ns fall@5.000ns period=10.000ns})
  Destination:            u_stuffer/last_bit_reg/D
                            (rising edge-triggered cell FDPE clocked by sys_clk_pin  {rise@0.000ns fall@5.000ns period=10.000ns})
  Path Group:             sys_clk_pin
  Path Type:              Setup (Max at Slow Process Corner)
  Requirement:            10.000ns  (sys_clk_pin rise@10.000ns - sys_clk_pin rise@0.000ns)
  Data Path Delay:        4.041ns  (logic 1.126ns (27.867%)  route 2.915ns (72.133%))
  Logic Levels:           3  (LUT4=1 LUT5=1 LUT6=1)
  Clock Path Skew:        -0.025ns (DCD - SCD + CPR)
    Destination Clock Delay (DCD):    5.026ns = ( 15.026 - 10.000 ) 
    Source Clock Delay      (SCD):    5.326ns
    Clock Pessimism Removal (CPR):    0.275ns
  Clock Uncertainty:      0.035ns  ((TSJ^2 + TIJ^2)^1/2 + DJ) / 2 + PE
    Total System Jitter     (TSJ):    0.071ns
    Total Input Jitter      (TIJ):    0.000ns
    Discrete Jitter          (DJ):    0.000ns
    Phase Error              (PE):    0.000ns

    Location             Delay type                Incr(ns)  Path(ns)    Netlist Resource(s)
  -------------------------------------------------------------------    -------------------
                         (clock sys_clk_pin rise edge)
                                                      0.000     0.000 r  
    E3                                                0.000     0.000 r  clk (IN)
                         net (fo=0)                   0.000     0.000    clk
    E3                   IBUF (Prop_ibuf_I_O)         1.482     1.482 r  clk_IBUF_inst/O
                         net (fo=1, routed)           2.025     3.506    clk_IBUF
    BUFGCTRL_X0Y16       BUFG (Prop_bufg_I_O)         0.096     3.602 r  clk_IBUF_BUFG_inst/O
                         net (fo=109, routed)         1.723     5.326    clk_IBUF_BUFG
    SLICE_X2Y89          FDCE                                         r  idx_reg[2]/C
  -------------------------------------------------------------------    -------------------
    SLICE_X2Y89          FDCE (Prop_fdce_C_Q)         0.518     5.844 r  idx_reg[2]/Q
                         net (fo=4, routed)           0.901     6.744    u_stuffer/Q[2]
    SLICE_X2Y89          LUT6 (Prop_lut6_I2_O)        0.124     6.868 r  u_stuffer/bit_out_i_2/O
                         net (fo=3, routed)           0.810     7.678    u_stuffer/bit_out_i_2_n_0
    SLICE_X1Y89          LUT5 (Prop_lut5_I2_O)        0.152     7.830 r  u_stuffer/bit_out_i_1/O
                         net (fo=3, routed)           0.685     8.515    u_stuffer/p_0_in
    SLICE_X1Y89          LUT4 (Prop_lut4_I3_O)        0.332     8.847 r  u_stuffer/last_bit_i_1/O
                         net (fo=1, routed)           0.519     9.366    u_stuffer/last_bit_i_1_n_0
    SLICE_X1Y89          FDPE                                         r  u_stuffer/last_bit_reg/D
  -------------------------------------------------------------------    -------------------

                         (clock sys_clk_pin rise edge)
                                                     10.000    10.000 r  
    E3                                                0.000    10.000 r  clk (IN)
                         net (fo=0)                   0.000    10.000    clk
    E3                   IBUF (Prop_ibuf_I_O)         1.411    11.411 r  clk_IBUF_inst/O
                         net (fo=1, routed)           1.920    13.331    clk_IBUF
    BUFGCTRL_X0Y16       BUFG (Prop_bufg_I_O)         0.091    13.422 r  clk_IBUF_BUFG_inst/O
                         net (fo=109, routed)         1.603    15.026    u_stuffer/clk_IBUF_BUFG
    SLICE_X1Y89          FDPE                                         r  u_stuffer/last_bit_reg/C
                         clock pessimism              0.275    15.301    
                         clock uncertainty           -0.035    15.265    
    SLICE_X1Y89          FDPE (Setup_fdpe_C_D)       -0.061    15.204    u_stuffer/last_bit_reg
  -------------------------------------------------------------------
                         required time                         15.204    
                         arrival time                          -9.366    
  -------------------------------------------------------------------
                         slack                                  5.838    

Slack (MET) :             5.932ns  (required time - arrival time)
  Source:                 db_cnt_reg[3]/C
                            (rising edge-triggered cell FDCE clocked by sys_clk_pin  {rise@0.000ns fall@5.000ns period=10.000ns})
  Destination:            db_cnt_reg[14]/D
                            (rising edge-triggered cell FDCE clocked by sys_clk_pin  {rise@0.000ns fall@5.000ns period=10.000ns})
  Path Group:             sys_clk_pin
  Path Type:              Setup (Max at Slow Process Corner)
  Requirement:            10.000ns  (sys_clk_pin rise@10.000ns - sys_clk_pin rise@0.000ns)
  Data Path Delay:        4.043ns  (logic 0.966ns (23.895%)  route 3.077ns (76.105%))
  Logic Levels:           3  (LUT3=1 LUT4=1 LUT5=1)
  Clock Path Skew:        -0.021ns (DCD - SCD + CPR)
    Destination Clock Delay (DCD):    5.021ns = ( 15.021 - 10.000 ) 
    Source Clock Delay      (SCD):    5.318ns
    Clock Pessimism Removal (CPR):    0.276ns
  Clock Uncertainty:      0.035ns  ((TSJ^2 + TIJ^2)^1/2 + DJ) / 2 + PE
    Total System Jitter     (TSJ):    0.071ns
    Total Input Jitter      (TIJ):    0.000ns
    Discrete Jitter          (DJ):    0.000ns
    Phase Error              (PE):    0.000ns

    Location             Delay type                Incr(ns)  Path(ns)    Netlist Resource(s)
  -------------------------------------------------------------------    -------------------
                         (clock sys_clk_pin rise edge)
                                                      0.000     0.000 r  
    E3                                                0.000     0.000 r  clk (IN)
                         net (fo=0)                   0.000     0.000    clk
    E3                   IBUF (Prop_ibuf_I_O)         1.482     1.482 r  clk_IBUF_inst/O
                         net (fo=1, routed)           2.025     3.506    clk_IBUF
    BUFGCTRL_X0Y16       BUFG (Prop_bufg_I_O)         0.096     3.602 r  clk_IBUF_BUFG_inst/O
                         net (fo=109, routed)         1.715     5.318    clk_IBUF_BUFG
    SLICE_X4Y82          FDCE                                         r  db_cnt_reg[3]/C
  -------------------------------------------------------------------    -------------------
    SLICE_X4Y82          FDCE (Prop_fdce_C_Q)         0.419     5.737 f  db_cnt_reg[3]/Q
                         net (fo=2, routed)           1.255     6.991    db_cnt_reg_n_0_[3]
    SLICE_X3Y85          LUT4 (Prop_lut4_I2_O)        0.299     7.290 r  db_cnt[20]_i_7/O
                         net (fo=2, routed)           0.808     8.099    db_cnt[20]_i_7_n_0
    SLICE_X3Y83          LUT5 (Prop_lut5_I2_O)        0.124     8.223 r  db_cnt[20]_i_4/O
                         net (fo=20, routed)          1.014     9.236    db_cnt[20]_i_4_n_0
    SLICE_X4Y85          LUT3 (Prop_lut3_I0_O)        0.124     9.360 r  db_cnt[14]_i_1/O
                         net (fo=1, routed)           0.000     9.360    db_cnt[14]_i_1_n_0
    SLICE_X4Y85          FDCE                                         r  db_cnt_reg[14]/D
  -------------------------------------------------------------------    -------------------

                         (clock sys_clk_pin rise edge)
                                                     10.000    10.000 r  
    E3                                                0.000    10.000 r  clk (IN)
                         net (fo=0)                   0.000    10.000    clk
    E3                   IBUF (Prop_ibuf_I_O)         1.411    11.411 r  clk_IBUF_inst/O
                         net (fo=1, routed)           1.920    13.331    clk_IBUF
    BUFGCTRL_X0Y16       BUFG (Prop_bufg_I_O)         0.091    13.422 r  clk_IBUF_BUFG_inst/O
                         net (fo=109, routed)         1.598    15.021    clk_IBUF_BUFG
    SLICE_X4Y85          FDCE                                         r  db_cnt_reg[14]/C
                         clock pessimism              0.276    15.297    
                         clock uncertainty           -0.035    15.261    
    SLICE_X4Y85          FDCE (Setup_fdce_C_D)        0.031    15.292    db_cnt_reg[14]
  -------------------------------------------------------------------
                         required time                         15.292    
                         arrival time                          -9.360    
  -------------------------------------------------------------------
                         slack                                  5.932    

Slack (MET) :             5.948ns  (required time - arrival time)
  Source:                 db_cnt_reg[3]/C
                            (rising edge-triggered cell FDCE clocked by sys_clk_pin  {rise@0.000ns fall@5.000ns period=10.000ns})
  Destination:            db_cnt_reg[16]/D
                            (rising edge-triggered cell FDCE clocked by sys_clk_pin  {rise@0.000ns fall@5.000ns period=10.000ns})
  Path Group:             sys_clk_pin
  Path Type:              Setup (Max at Slow Process Corner)
  Requirement:            10.000ns  (sys_clk_pin rise@10.000ns - sys_clk_pin rise@0.000ns)
  Data Path Delay:        4.071ns  (logic 0.994ns (24.419%)  route 3.077ns (75.581%))
  Logic Levels:           3  (LUT3=1 LUT4=1 LUT5=1)
  Clock Path Skew:        -0.021ns (DCD - SCD + CPR)
    Destination Clock Delay (DCD):    5.021ns = ( 15.021 - 10.000 ) 
    Source Clock Delay      (SCD):    5.318ns
    Clock Pessimism Removal (CPR):    0.276ns
  Clock Uncertainty:      0.035ns  ((TSJ^2 + TIJ^2)^1/2 + DJ) / 2 + PE
    Total System Jitter     (TSJ):    0.071ns
    Total Input Jitter      (TIJ):    0.000ns
    Discrete Jitter          (DJ):    0.000ns
    Phase Error              (PE):    0.000ns

    Location             Delay type                Incr(ns)  Path(ns)    Netlist Resource(s)
  -------------------------------------------------------------------    -------------------
                         (clock sys_clk_pin rise edge)
                                                      0.000     0.000 r  
    E3                                                0.000     0.000 r  clk (IN)
                         net (fo=0)                   0.000     0.000    clk
    E3                   IBUF (Prop_ibuf_I_O)         1.482     1.482 r  clk_IBUF_inst/O
                         net (fo=1, routed)           2.025     3.506    clk_IBUF
    BUFGCTRL_X0Y16       BUFG (Prop_bufg_I_O)         0.096     3.602 r  clk_IBUF_BUFG_inst/O
                         net (fo=109, routed)         1.715     5.318    clk_IBUF_BUFG
    SLICE_X4Y82          FDCE                                         r  db_cnt_reg[3]/C
  -------------------------------------------------------------------    -------------------
    SLICE_X4Y82          FDCE (Prop_fdce_C_Q)         0.419     5.737 f  db_cnt_reg[3]/Q
                         net (fo=2, routed)           1.255     6.991    db_cnt_reg_n_0_[3]
    SLICE_X3Y85          LUT4 (Prop_lut4_I2_O)        0.299     7.290 r  db_cnt[20]_i_7/O
                         net (fo=2, routed)           0.808     8.099    db_cnt[20]_i_7_n_0
    SLICE_X3Y83          LUT5 (Prop_lut5_I2_O)        0.124     8.223 r  db_cnt[20]_i_4/O
                         net (fo=20, routed)          1.014     9.236    db_cnt[20]_i_4_n_0
    SLICE_X4Y85          LUT3 (Prop_lut3_I0_O)        0.152     9.388 r  db_cnt[16]_i_1/O
                         net (fo=1, routed)           0.000     9.388    db_cnt[16]_i_1_n_0
    SLICE_X4Y85          FDCE                                         r  db_cnt_reg[16]/D
  -------------------------------------------------------------------    -------------------

                         (clock sys_clk_pin rise edge)
                                                     10.000    10.000 r  
    E3                                                0.000    10.000 r  clk (IN)
                         net (fo=0)                   0.000    10.000    clk
    E3                   IBUF (Prop_ibuf_I_O)         1.411    11.411 r  clk_IBUF_inst/O
                         net (fo=1, routed)           1.920    13.331    clk_IBUF
    BUFGCTRL_X0Y16       BUFG (Prop_bufg_I_O)         0.091    13.422 r  clk_IBUF_BUFG_inst/O
                         net (fo=109, routed)         1.598    15.021    clk_IBUF_BUFG
    SLICE_X4Y85          FDCE                                         r  db_cnt_reg[16]/C
                         clock pessimism              0.276    15.297    
                         clock uncertainty           -0.035    15.261    
    SLICE_X4Y85          FDCE (Setup_fdce_C_D)        0.075    15.336    db_cnt_reg[16]
  -------------------------------------------------------------------
                         required time                         15.336    
                         arrival time                          -9.388    
  -------------------------------------------------------------------
                         slack                                  5.948    

Slack (MET) :             6.152ns  (required time - arrival time)
  Source:                 db_cnt_reg[3]/C
                            (rising edge-triggered cell FDCE clocked by sys_clk_pin  {rise@0.000ns fall@5.000ns period=10.000ns})
  Destination:            db_cnt_reg[13]/D
                            (rising edge-triggered cell FDCE clocked by sys_clk_pin  {rise@0.000ns fall@5.000ns period=10.000ns})
  Path Group:             sys_clk_pin
  Path Type:              Setup (Max at Slow Process Corner)
  Requirement:            10.000ns  (sys_clk_pin rise@10.000ns - sys_clk_pin rise@0.000ns)
  Data Path Delay:        3.820ns  (logic 0.966ns (25.285%)  route 2.854ns (74.715%))
  Logic Levels:           3  (LUT3=1 LUT4=1 LUT5=1)
  Clock Path Skew:        -0.021ns (DCD - SCD + CPR)
    Destination Clock Delay (DCD):    5.021ns = ( 15.021 - 10.000 ) 
    Source Clock Delay      (SCD):    5.318ns
    Clock Pessimism Removal (CPR):    0.276ns
  Clock Uncertainty:      0.035ns  ((TSJ^2 + TIJ^2)^1/2 + DJ) / 2 + PE
    Total System Jitter     (TSJ):    0.071ns
    Total Input Jitter      (TIJ):    0.000ns
    Discrete Jitter          (DJ):    0.000ns
    Phase Error              (PE):    0.000ns

    Location             Delay type                Incr(ns)  Path(ns)    Netlist Resource(s)
  -------------------------------------------------------------------    -------------------
                         (clock sys_clk_pin rise edge)
                                                      0.000     0.000 r  
    E3                                                0.000     0.000 r  clk (IN)
                         net (fo=0)                   0.000     0.000    clk
    E3                   IBUF (Prop_ibuf_I_O)         1.482     1.482 r  clk_IBUF_inst/O
                         net (fo=1, routed)           2.025     3.506    clk_IBUF
    BUFGCTRL_X0Y16       BUFG (Prop_bufg_I_O)         0.096     3.602 r  clk_IBUF_BUFG_inst/O
                         net (fo=109, routed)         1.715     5.318    clk_IBUF_BUFG
    SLICE_X4Y82          FDCE                                         r  db_cnt_reg[3]/C
  -------------------------------------------------------------------    -------------------
    SLICE_X4Y82          FDCE (Prop_fdce_C_Q)         0.419     5.737 f  db_cnt_reg[3]/Q
                         net (fo=2, routed)           1.255     6.991    db_cnt_reg_n_0_[3]
    SLICE_X3Y85          LUT4 (Prop_lut4_I2_O)        0.299     7.290 r  db_cnt[20]_i_7/O
                         net (fo=2, routed)           0.808     8.099    db_cnt[20]_i_7_n_0
    SLICE_X3Y83          LUT5 (Prop_lut5_I2_O)        0.124     8.223 r  db_cnt[20]_i_4/O
                         net (fo=20, routed)          0.791     9.014    db_cnt[20]_i_4_n_0
    SLICE_X4Y85          LUT3 (Prop_lut3_I0_O)        0.124     9.138 r  db_cnt[13]_i_1/O
                         net (fo=1, routed)           0.000     9.138    db_cnt[13]_i_1_n_0
    SLICE_X4Y85          FDCE                                         r  db_cnt_reg[13]/D
  -------------------------------------------------------------------    -------------------

                         (clock sys_clk_pin rise edge)
                                                     10.000    10.000 r  
    E3                                                0.000    10.000 r  clk (IN)
                         net (fo=0)                   0.000    10.000    clk
    E3                   IBUF (Prop_ibuf_I_O)         1.411    11.411 r  clk_IBUF_inst/O
                         net (fo=1, routed)           1.920    13.331    clk_IBUF
    BUFGCTRL_X0Y16       BUFG (Prop_bufg_I_O)         0.091    13.422 r  clk_IBUF_BUFG_inst/O
                         net (fo=109, routed)         1.598    15.021    clk_IBUF_BUFG
    SLICE_X4Y85          FDCE                                         r  db_cnt_reg[13]/C
                         clock pessimism              0.276    15.297    
                         clock uncertainty           -0.035    15.261    
    SLICE_X4Y85          FDCE (Setup_fdce_C_D)        0.029    15.290    db_cnt_reg[13]
  -------------------------------------------------------------------
                         required time                         15.290    
                         arrival time                          -9.138    
  -------------------------------------------------------------------
                         slack                                  6.152    

Slack (MET) :             6.169ns  (required time - arrival time)
  Source:                 tick_cnt_reg[14]/C
                            (rising edge-triggered cell FDCE clocked by sys_clk_pin  {rise@0.000ns fall@5.000ns period=10.000ns})
  Destination:            tick_cnt_reg[6]/D
                            (rising edge-triggered cell FDCE clocked by sys_clk_pin  {rise@0.000ns fall@5.000ns period=10.000ns})
  Path Group:             sys_clk_pin
  Path Type:              Setup (Max at Slow Process Corner)
  Requirement:            10.000ns  (sys_clk_pin rise@10.000ns - sys_clk_pin rise@0.000ns)
  Data Path Delay:        3.797ns  (logic 0.828ns (21.805%)  route 2.969ns (78.195%))
  Logic Levels:           3  (LUT2=1 LUT4=1 LUT6=1)
  Clock Path Skew:        -0.027ns (DCD - SCD + CPR)
    Destination Clock Delay (DCD):    5.018ns = ( 15.018 - 10.000 ) 
    Source Clock Delay      (SCD):    5.320ns
    Clock Pessimism Removal (CPR):    0.275ns
  Clock Uncertainty:      0.035ns  ((TSJ^2 + TIJ^2)^1/2 + DJ) / 2 + PE
    Total System Jitter     (TSJ):    0.071ns
    Total Input Jitter      (TIJ):    0.000ns
    Discrete Jitter          (DJ):    0.000ns
    Phase Error              (PE):    0.000ns

    Location             Delay type                Incr(ns)  Path(ns)    Netlist Resource(s)
  -------------------------------------------------------------------    -------------------
                         (clock sys_clk_pin rise edge)
                                                      0.000     0.000 r  
    E3                                                0.000     0.000 r  clk (IN)
                         net (fo=0)                   0.000     0.000    clk
    E3                   IBUF (Prop_ibuf_I_O)         1.482     1.482 r  clk_IBUF_inst/O
                         net (fo=1, routed)           2.025     3.506    clk_IBUF
    BUFGCTRL_X0Y16       BUFG (Prop_bufg_I_O)         0.096     3.602 r  clk_IBUF_BUFG_inst/O
                         net (fo=109, routed)         1.717     5.320    clk_IBUF_BUFG
    SLICE_X0Y83          FDCE                                         r  tick_cnt_reg[14]/C
  -------------------------------------------------------------------    -------------------
    SLICE_X0Y83          FDCE (Prop_fdce_C_Q)         0.456     5.776 f  tick_cnt_reg[14]/Q
                         net (fo=2, routed)           0.812     6.587    tick_cnt_reg_n_0_[14]
    SLICE_X0Y83          LUT4 (Prop_lut4_I1_O)        0.124     6.711 r  tick_cnt[25]_i_4/O
                         net (fo=1, routed)           1.120     7.831    tick_cnt[25]_i_4_n_0
    SLICE_X0Y83          LUT6 (Prop_lut6_I0_O)        0.124     7.955 f  tick_cnt[25]_i_2/O
                         net (fo=26, routed)          1.038     8.993    auto_tick
    SLICE_X0Y81          LUT2 (Prop_lut2_I0_O)        0.124     9.117 r  tick_cnt[6]_i_1/O
                         net (fo=1, routed)           0.000     9.117    tick_cnt[6]
    SLICE_X0Y81          FDCE                                         r  tick_cnt_reg[6]/D
  -------------------------------------------------------------------    -------------------

                         (clock sys_clk_pin rise edge)
                                                     10.000    10.000 r  
    E3                                                0.000    10.000 r  clk (IN)
                         net (fo=0)                   0.000    10.000    clk
    E3                   IBUF (Prop_ibuf_I_O)         1.411    11.411 r  clk_IBUF_inst/O
                         net (fo=1, routed)           1.920    13.331    clk_IBUF
    BUFGCTRL_X0Y16       BUFG (Prop_bufg_I_O)         0.091    13.422 r  clk_IBUF_BUFG_inst/O
                         net (fo=109, routed)         1.595    15.018    clk_IBUF_BUFG
    SLICE_X0Y81          FDCE                                         r  tick_cnt_reg[6]/C
                         clock pessimism              0.275    15.293    
                         clock uncertainty           -0.035    15.257    
    SLICE_X0Y81          FDCE (Setup_fdce_C_D)        0.029    15.286    tick_cnt_reg[6]
  -------------------------------------------------------------------
                         required time                         15.286    
                         arrival time                          -9.117    
  -------------------------------------------------------------------
                         slack                                  6.169    

Slack (MET) :             6.181ns  (required time - arrival time)
  Source:                 tick_cnt_reg[1]/C
                            (rising edge-triggered cell FDCE clocked by sys_clk_pin  {rise@0.000ns fall@5.000ns period=10.000ns})
  Destination:            tick_cnt_reg[22]/D
                            (rising edge-triggered cell FDCE clocked by sys_clk_pin  {rise@0.000ns fall@5.000ns period=10.000ns})
  Path Group:             sys_clk_pin
  Path Type:              Setup (Max at Slow Process Corner)
  Requirement:            10.000ns  (sys_clk_pin rise@10.000ns - sys_clk_pin rise@0.000ns)
  Data Path Delay:        3.794ns  (logic 2.205ns (58.120%)  route 1.589ns (41.880%))
  Logic Levels:           7  (CARRY4=6 LUT2=1)
  Clock Path Skew:        -0.019ns (DCD - SCD + CPR)
    Destination Clock Delay (DCD):    5.023ns = ( 15.023 - 10.000 ) 
    Source Clock Delay      (SCD):    5.317ns
    Clock Pessimism Removal (CPR):    0.275ns
  Clock Uncertainty:      0.035ns  ((TSJ^2 + TIJ^2)^1/2 + DJ) / 2 + PE
    Total System Jitter     (TSJ):    0.071ns
    Total Input Jitter      (TIJ):    0.000ns
    Discrete Jitter          (DJ):    0.000ns
    Phase Error              (PE):    0.000ns

    Location             Delay type                Incr(ns)  Path(ns)    Netlist Resource(s)
  -------------------------------------------------------------------    -------------------
                         (clock sys_clk_pin rise edge)
                                                      0.000     0.000 r  
    E3                                                0.000     0.000 r  clk (IN)
                         net (fo=0)                   0.000     0.000    clk
    E3                   IBUF (Prop_ibuf_I_O)         1.482     1.482 r  clk_IBUF_inst/O
                         net (fo=1, routed)           2.025     3.506    clk_IBUF
    BUFGCTRL_X0Y16       BUFG (Prop_bufg_I_O)         0.096     3.602 r  clk_IBUF_BUFG_inst/O
                         net (fo=109, routed)         1.714     5.317    clk_IBUF_BUFG
    SLICE_X0Y81          FDCE                                         r  tick_cnt_reg[1]/C
  -------------------------------------------------------------------    -------------------
    SLICE_X0Y81          FDCE (Prop_fdce_C_Q)         0.456     5.773 r  tick_cnt_reg[1]/Q
                         net (fo=2, routed)           0.740     6.513    tick_cnt_reg_n_0_[1]
    SLICE_X1Y80          CARRY4 (Prop_carry4_S[0]_CO[3])
                                                      0.656     7.169 r  tick_cnt_reg[4]_i_2/CO[3]
                         net (fo=1, routed)           0.000     7.169    tick_cnt_reg[4]_i_2_n_0
    SLICE_X1Y81          CARRY4 (Prop_carry4_CI_CO[3])
                                                      0.114     7.283 r  tick_cnt_reg[8]_i_2/CO[3]
                         net (fo=1, routed)           0.000     7.283    tick_cnt_reg[8]_i_2_n_0
    SLICE_X1Y82          CARRY4 (Prop_carry4_CI_CO[3])
                                                      0.114     7.397 r  tick_cnt_reg[12]_i_2/CO[3]
                         net (fo=1, routed)           0.000     7.397    tick_cnt_reg[12]_i_2_n_0
    SLICE_X1Y83          CARRY4 (Prop_carry4_CI_CO[3])
                                                      0.114     7.511 r  tick_cnt_reg[16]_i_2/CO[3]
                         net (fo=1, routed)           0.000     7.511    tick_cnt_reg[16]_i_2_n_0
    SLICE_X1Y84          CARRY4 (Prop_carry4_CI_CO[3])
                                                      0.114     7.625 r  tick_cnt_reg[20]_i_2/CO[3]
                         net (fo=1, routed)           0.000     7.625    tick_cnt_reg[20]_i_2_n_0
    SLICE_X1Y85          CARRY4 (Prop_carry4_CI_O[1])
                                                      0.334     7.959 r  tick_cnt_reg[24]_i_2/O[1]
                         net (fo=1, routed)           0.849     8.808    data0[22]
    SLICE_X0Y85          LUT2 (Prop_lut2_I1_O)        0.303     9.111 r  tick_cnt[22]_i_1/O
                         net (fo=1, routed)           0.000     9.111    tick_cnt[22]
    SLICE_X0Y85          FDCE                                         r  tick_cnt_reg[22]/D
  -------------------------------------------------------------------    -------------------

                         (clock sys_clk_pin rise edge)
                                                     10.000    10.000 r  
    E3                                                0.000    10.000 r  clk (IN)
                         net (fo=0)                   0.000    10.000    clk
    E3                   IBUF (Prop_ibuf_I_O)         1.411    11.411 r  clk_IBUF_inst/O
                         net (fo=1, routed)           1.920    13.331    clk_IBUF
    BUFGCTRL_X0Y16       BUFG (Prop_bufg_I_O)         0.091    13.422 r  clk_IBUF_BUFG_inst/O
                         net (fo=109, routed)         1.600    15.023    clk_IBUF_BUFG
    SLICE_X0Y85          FDCE                                         r  tick_cnt_reg[22]/C
                         clock pessimism              0.275    15.298    
                         clock uncertainty           -0.035    15.262    
    SLICE_X0Y85          FDCE (Setup_fdce_C_D)        0.029    15.291    tick_cnt_reg[22]
  -------------------------------------------------------------------
                         required time                         15.291    
                         arrival time                          -9.111    
  -------------------------------------------------------------------
                         slack                                  6.181    





Min Delay Paths
--------------------------------------------------------------------------------------
Slack (MET) :             0.222ns  (arrival time - required time)
  Source:                 u_stuffer/bit_out_valid_reg/C
                            (rising edge-triggered cell FDCE clocked by sys_clk_pin  {rise@0.000ns fall@5.000ns period=10.000ns})
  Destination:            u_destuffer/stuff_expected_reg/D
                            (rising edge-triggered cell FDCE clocked by sys_clk_pin  {rise@0.000ns fall@5.000ns period=10.000ns})
  Path Group:             sys_clk_pin
  Path Type:              Hold (Min at Fast Process Corner)
  Requirement:            0.000ns  (sys_clk_pin rise@0.000ns - sys_clk_pin rise@0.000ns)
  Data Path Delay:        0.357ns  (logic 0.186ns (52.032%)  route 0.171ns (47.968%))
  Logic Levels:           1  (LUT6=1)
  Clock Path Skew:        0.014ns (DCD - SCD - CPR)
    Destination Clock Delay (DCD):    2.037ns
    Source Clock Delay      (SCD):    1.520ns
    Clock Pessimism Removal (CPR):    0.502ns

    Location             Delay type                Incr(ns)  Path(ns)    Netlist Resource(s)
  -------------------------------------------------------------------    -------------------
                         (clock sys_clk_pin rise edge)
                                                      0.000     0.000 r  
    E3                                                0.000     0.000 r  clk (IN)
                         net (fo=0)                   0.000     0.000    clk
    E3                   IBUF (Prop_ibuf_I_O)         0.250     0.250 r  clk_IBUF_inst/O
                         net (fo=1, routed)           0.644     0.894    clk_IBUF
    BUFGCTRL_X0Y16       BUFG (Prop_bufg_I_O)         0.026     0.920 r  clk_IBUF_BUFG_inst/O
                         net (fo=109, routed)         0.601     1.520    u_stuffer/clk_IBUF_BUFG
    SLICE_X0Y87          FDCE                                         r  u_stuffer/bit_out_valid_reg/C
  -------------------------------------------------------------------    -------------------
    SLICE_X0Y87          FDCE (Prop_fdce_C_Q)         0.141     1.661 r  u_stuffer/bit_out_valid_reg/Q
                         net (fo=8, routed)           0.171     1.833    u_destuffer/bit_out_valid_w
    SLICE_X2Y86          LUT6 (Prop_lut6_I0_O)        0.045     1.878 r  u_destuffer/stuff_expected_i_1/O
                         net (fo=1, routed)           0.000     1.878    u_destuffer/stuff_expected_i_1_n_0
    SLICE_X2Y86          FDCE                                         r  u_destuffer/stuff_expected_reg/D
  -------------------------------------------------------------------    -------------------

                         (clock sys_clk_pin rise edge)
                                                      0.000     0.000 r  
    E3                                                0.000     0.000 r  clk (IN)
                         net (fo=0)                   0.000     0.000    clk
    E3                   IBUF (Prop_ibuf_I_O)         0.438     0.438 r  clk_IBUF_inst/O
                         net (fo=1, routed)           0.699     1.136    clk_IBUF
    BUFGCTRL_X0Y16       BUFG (Prop_bufg_I_O)         0.029     1.165 r  clk_IBUF_BUFG_inst/O
                         net (fo=109, routed)         0.872     2.037    u_destuffer/clk_IBUF_BUFG
    SLICE_X2Y86          FDCE                                         r  u_destuffer/stuff_expected_reg/C
                         clock pessimism             -0.502     1.534    
    SLICE_X2Y86          FDCE (Hold_fdce_C_D)         0.121     1.655    u_destuffer/stuff_expected_reg
  -------------------------------------------------------------------
                         required time                         -1.655    
                         arrival time                           1.878    
  -------------------------------------------------------------------
                         slack                                  0.222    

Slack (MET) :             0.244ns  (arrival time - required time)
  Source:                 u_stuffer/same_count_reg[1]/C
                            (rising edge-triggered cell FDCE clocked by sys_clk_pin  {rise@0.000ns fall@5.000ns period=10.000ns})
  Destination:            u_stuffer/same_count_reg[2]/D
                            (rising edge-triggered cell FDCE clocked by sys_clk_pin  {rise@0.000ns fall@5.000ns period=10.000ns})
  Path Group:             sys_clk_pin
  Path Type:              Hold (Min at Fast Process Corner)
  Requirement:            0.000ns  (sys_clk_pin rise@0.000ns - sys_clk_pin rise@0.000ns)
  Data Path Delay:        0.351ns  (logic 0.183ns (52.092%)  route 0.168ns (47.908%))
  Logic Levels:           1  (LUT4=1)
  Clock Path Skew:        0.000ns (DCD - SCD - CPR)
    Destination Clock Delay (DCD):    2.038ns
    Source Clock Delay      (SCD):    1.520ns
    Clock Pessimism Removal (CPR):    0.517ns

    Location             Delay type                Incr(ns)  Path(ns)    Netlist Resource(s)
  -------------------------------------------------------------------    -------------------
                         (clock sys_clk_pin rise edge)
                                                      0.000     0.000 r  
    E3                                                0.000     0.000 r  clk (IN)
                         net (fo=0)                   0.000     0.000    clk
    E3                   IBUF (Prop_ibuf_I_O)         0.250     0.250 r  clk_IBUF_inst/O
                         net (fo=1, routed)           0.644     0.894    clk_IBUF
    BUFGCTRL_X0Y16       BUFG (Prop_bufg_I_O)         0.026     0.920 r  clk_IBUF_BUFG_inst/O
                         net (fo=109, routed)         0.601     1.520    u_stuffer/clk_IBUF_BUFG
    SLICE_X1Y87          FDCE                                         r  u_stuffer/same_count_reg[1]/C
  -------------------------------------------------------------------    -------------------
    SLICE_X1Y87          FDCE (Prop_fdce_C_Q)         0.141     1.661 r  u_stuffer/same_count_reg[1]/Q
                         net (fo=3, routed)           0.168     1.830    u_stuffer/same_count[1]
    SLICE_X1Y87          LUT4 (Prop_lut4_I1_O)        0.042     1.872 r  u_stuffer/same_count[2]_i_2/O
                         net (fo=1, routed)           0.000     1.872    u_stuffer/same_count[2]_i_2_n_0
    SLICE_X1Y87          FDCE                                         r  u_stuffer/same_count_reg[2]/D
  -------------------------------------------------------------------    -------------------

                         (clock sys_clk_pin rise edge)
                                                      0.000     0.000 r  
    E3                                                0.000     0.000 r  clk (IN)
                         net (fo=0)                   0.000     0.000    clk
    E3                   IBUF (Prop_ibuf_I_O)         0.438     0.438 r  clk_IBUF_inst/O
                         net (fo=1, routed)           0.699     1.136    clk_IBUF
    BUFGCTRL_X0Y16       BUFG (Prop_bufg_I_O)         0.029     1.165 r  clk_IBUF_BUFG_inst/O
                         net (fo=109, routed)         0.873     2.038    u_stuffer/clk_IBUF_BUFG
    SLICE_X1Y87          FDCE                                         r  u_stuffer/same_count_reg[2]/C
                         clock pessimism             -0.517     1.520    
    SLICE_X1Y87          FDCE (Hold_fdce_C_D)         0.107     1.627    u_stuffer/same_count_reg[2]
  -------------------------------------------------------------------
                         required time                         -1.627    
                         arrival time                           1.872    
  -------------------------------------------------------------------
                         slack                                  0.244    

Slack (MET) :             0.249ns  (arrival time - required time)
  Source:                 u_stuffer/bit_out_reg/C
                            (rising edge-triggered cell FDPE clocked by sys_clk_pin  {rise@0.000ns fall@5.000ns period=10.000ns})
  Destination:            u_destuffer/stuff_error_reg/D
                            (rising edge-triggered cell FDCE clocked by sys_clk_pin  {rise@0.000ns fall@5.000ns period=10.000ns})
  Path Group:             sys_clk_pin
  Path Type:              Hold (Min at Fast Process Corner)
  Requirement:            0.000ns  (sys_clk_pin rise@0.000ns - sys_clk_pin rise@0.000ns)
  Data Path Delay:        0.393ns  (logic 0.190ns (48.327%)  route 0.203ns (51.673%))
  Logic Levels:           1  (LUT4=1)
  Clock Path Skew:        0.013ns (DCD - SCD - CPR)
    Destination Clock Delay (DCD):    2.037ns
    Source Clock Delay      (SCD):    1.521ns
    Clock Pessimism Removal (CPR):    0.502ns

    Location             Delay type                Incr(ns)  Path(ns)    Netlist Resource(s)
  -------------------------------------------------------------------    -------------------
                         (clock sys_clk_pin rise edge)
                                                      0.000     0.000 r  
    E3                                                0.000     0.000 r  clk (IN)
                         net (fo=0)                   0.000     0.000    clk
    E3                   IBUF (Prop_ibuf_I_O)         0.250     0.250 r  clk_IBUF_inst/O
                         net (fo=1, routed)           0.644     0.894    clk_IBUF
    BUFGCTRL_X0Y16       BUFG (Prop_bufg_I_O)         0.026     0.920 r  clk_IBUF_BUFG_inst/O
                         net (fo=109, routed)         0.602     1.521    u_stuffer/clk_IBUF_BUFG
    SLICE_X1Y89          FDPE                                         r  u_stuffer/bit_out_reg/C
  -------------------------------------------------------------------    -------------------
    SLICE_X1Y89          FDPE (Prop_fdpe_C_Q)         0.141     1.662 r  u_stuffer/bit_out_reg/Q
                         net (fo=4, routed)           0.203     1.865    u_stuffer/led_bit_out_OBUF
    SLICE_X2Y86          LUT4 (Prop_lut4_I2_O)        0.049     1.914 r  u_stuffer/stuff_error_i_1/O
                         net (fo=1, routed)           0.000     1.914    u_destuffer/stuff_error_reg_0
    SLICE_X2Y86          FDCE                                         r  u_destuffer/stuff_error_reg/D
  -------------------------------------------------------------------    -------------------

                         (clock sys_clk_pin rise edge)
                                                      0.000     0.000 r  
    E3                                                0.000     0.000 r  clk (IN)
                         net (fo=0)                   0.000     0.000    clk
    E3                   IBUF (Prop_ibuf_I_O)         0.438     0.438 r  clk_IBUF_inst/O
                         net (fo=1, routed)           0.699     1.136    clk_IBUF
    BUFGCTRL_X0Y16       BUFG (Prop_bufg_I_O)         0.029     1.165 r  clk_IBUF_BUFG_inst/O
                         net (fo=109, routed)         0.872     2.037    u_destuffer/clk_IBUF_BUFG
    SLICE_X2Y86          FDCE                                         r  u_destuffer/stuff_error_reg/C
                         clock pessimism             -0.502     1.534    
    SLICE_X2Y86          FDCE (Hold_fdce_C_D)         0.131     1.665    u_destuffer/stuff_error_reg
  -------------------------------------------------------------------
                         required time                         -1.665    
                         arrival time                           1.914    
  -------------------------------------------------------------------
                         slack                                  0.249    

Slack (MET) :             0.251ns  (arrival time - required time)
  Source:                 u_destuffer/stuff_expected_reg/C
                            (rising edge-triggered cell FDCE clocked by sys_clk_pin  {rise@0.000ns fall@5.000ns period=10.000ns})
  Destination:            u_destuffer/same_count_reg[0]/D
                            (rising edge-triggered cell FDCE clocked by sys_clk_pin  {rise@0.000ns fall@5.000ns period=10.000ns})
  Path Group:             sys_clk_pin
  Path Type:              Hold (Min at Fast Process Corner)
  Requirement:            0.000ns  (sys_clk_pin rise@0.000ns - sys_clk_pin rise@0.000ns)
  Data Path Delay:        0.388ns  (logic 0.209ns (53.814%)  route 0.179ns (46.186%))
  Logic Levels:           1  (LUT3=1)
  Clock Path Skew:        0.016ns (DCD - SCD - CPR)
    Destination Clock Delay (DCD):    2.038ns
    Source Clock Delay      (SCD):    1.519ns
    Clock Pessimism Removal (CPR):    0.502ns

    Location             Delay type                Incr(ns)  Path(ns)    Netlist Resource(s)
  -------------------------------------------------------------------    -------------------
                         (clock sys_clk_pin rise edge)
                                                      0.000     0.000 r  
    E3                                                0.000     0.000 r  clk (IN)
                         net (fo=0)                   0.000     0.000    clk
    E3                   IBUF (Prop_ibuf_I_O)         0.250     0.250 r  clk_IBUF_inst/O
                         net (fo=1, routed)           0.644     0.894    clk_IBUF
    BUFGCTRL_X0Y16       BUFG (Prop_bufg_I_O)         0.026     0.920 r  clk_IBUF_BUFG_inst/O
                         net (fo=109, routed)         0.600     1.519    u_destuffer/clk_IBUF_BUFG
    SLICE_X2Y86          FDCE                                         r  u_destuffer/stuff_expected_reg/C
  -------------------------------------------------------------------    -------------------
    SLICE_X2Y86          FDCE (Prop_fdce_C_Q)         0.164     1.683 r  u_destuffer/stuff_expected_reg/Q
                         net (fo=7, routed)           0.179     1.863    u_destuffer/stuff_expected_reg_0
    SLICE_X2Y87          LUT3 (Prop_lut3_I2_O)        0.045     1.908 r  u_destuffer/same_count[0]_i_1__0/O
                         net (fo=1, routed)           0.000     1.908    u_destuffer/same_count[0]_i_1__0_n_0
    SLICE_X2Y87          FDCE                                         r  u_destuffer/same_count_reg[0]/D
  -------------------------------------------------------------------    -------------------

                         (clock sys_clk_pin rise edge)
                                                      0.000     0.000 r  
    E3                                                0.000     0.000 r  clk (IN)
                         net (fo=0)                   0.000     0.000    clk
    E3                   IBUF (Prop_ibuf_I_O)         0.438     0.438 r  clk_IBUF_inst/O
                         net (fo=1, routed)           0.699     1.136    clk_IBUF
    BUFGCTRL_X0Y16       BUFG (Prop_bufg_I_O)         0.029     1.165 r  clk_IBUF_BUFG_inst/O
                         net (fo=109, routed)         0.873     2.038    u_destuffer/clk_IBUF_BUFG
    SLICE_X2Y87          FDCE                                         r  u_destuffer/same_count_reg[0]/C
                         clock pessimism             -0.502     1.535    
    SLICE_X2Y87          FDCE (Hold_fdce_C_D)         0.121     1.656    u_destuffer/same_count_reg[0]
  -------------------------------------------------------------------
                         required time                         -1.656    
                         arrival time                           1.908    
  -------------------------------------------------------------------
                         slack                                  0.251    

Slack (MET) :             0.254ns  (arrival time - required time)
  Source:                 u_stuffer/stuff_pending_reg/C
                            (rising edge-triggered cell FDCE clocked by sys_clk_pin  {rise@0.000ns fall@5.000ns period=10.000ns})
  Destination:            u_stuffer/stuffing_reg/D
                            (rising edge-triggered cell FDCE clocked by sys_clk_pin  {rise@0.000ns fall@5.000ns period=10.000ns})
  Path Group:             sys_clk_pin
  Path Type:              Hold (Min at Fast Process Corner)
  Requirement:            0.000ns  (sys_clk_pin rise@0.000ns - sys_clk_pin rise@0.000ns)
  Data Path Delay:        0.342ns  (logic 0.141ns (41.201%)  route 0.201ns (58.799%))
  Logic Levels:           0  
  Clock Path Skew:        0.016ns (DCD - SCD - CPR)
    Destination Clock Delay (DCD):    2.040ns
    Source Clock Delay      (SCD):    1.521ns
    Clock Pessimism Removal (CPR):    0.502ns

    Location             Delay type                Incr(ns)  Path(ns)    Netlist Resource(s)
  -------------------------------------------------------------------    -------------------
                         (clock sys_clk_pin rise edge)
                                                      0.000     0.000 r  
    E3                                                0.000     0.000 r  clk (IN)
                         net (fo=0)                   0.000     0.000    clk
    E3                   IBUF (Prop_ibuf_I_O)         0.250     0.250 r  clk_IBUF_inst/O
                         net (fo=1, routed)           0.644     0.894    clk_IBUF
    BUFGCTRL_X0Y16       BUFG (Prop_bufg_I_O)         0.026     0.920 r  clk_IBUF_BUFG_inst/O
                         net (fo=109, routed)         0.602     1.521    u_stuffer/clk_IBUF_BUFG
    SLICE_X1Y88          FDCE                                         r  u_stuffer/stuff_pending_reg/C
  -------------------------------------------------------------------    -------------------
    SLICE_X1Y88          FDCE (Prop_fdce_C_Q)         0.141     1.662 r  u_stuffer/stuff_pending_reg/Q
                         net (fo=6, routed)           0.201     1.864    u_stuffer/led_stuff_pending_OBUF
    SLICE_X1Y89          FDCE                                         r  u_stuffer/stuffing_reg/D
  -------------------------------------------------------------------    -------------------

                         (clock sys_clk_pin rise edge)
                                                      0.000     0.000 r  
    E3                                                0.000     0.000 r  clk (IN)
                         net (fo=0)                   0.000     0.000    clk
    E3                   IBUF (Prop_ibuf_I_O)         0.438     0.438 r  clk_IBUF_inst/O
                         net (fo=1, routed)           0.699     1.136    clk_IBUF
    BUFGCTRL_X0Y16       BUFG (Prop_bufg_I_O)         0.029     1.165 r  clk_IBUF_BUFG_inst/O
                         net (fo=109, routed)         0.875     2.040    u_stuffer/clk_IBUF_BUFG
    SLICE_X1Y89          FDCE                                         r  u_stuffer/stuffing_reg/C
                         clock pessimism             -0.502     1.537    
    SLICE_X1Y89          FDCE (Hold_fdce_C_D)         0.072     1.609    u_stuffer/stuffing_reg
  -------------------------------------------------------------------
                         required time                         -1.609    
                         arrival time                           1.864    
  -------------------------------------------------------------------
                         slack                                  0.254    

Slack (MET) :             0.255ns  (arrival time - required time)
  Source:                 u_stuffer/bit_out_reg/C
                            (rising edge-triggered cell FDPE clocked by sys_clk_pin  {rise@0.000ns fall@5.000ns period=10.000ns})
  Destination:            u_destuffer/bit_out_reg/D
                            (rising edge-triggered cell FDPE clocked by sys_clk_pin  {rise@0.000ns fall@5.000ns period=10.000ns})
  Path Group:             sys_clk_pin
  Path Type:              Hold (Min at Fast Process Corner)
  Requirement:            0.000ns  (sys_clk_pin rise@0.000ns - sys_clk_pin rise@0.000ns)
  Data Path Delay:        0.389ns  (logic 0.186ns (47.796%)  route 0.203ns (52.204%))
  Logic Levels:           1  (LUT4=1)
  Clock Path Skew:        0.013ns (DCD - SCD - CPR)
    Destination Clock Delay (DCD):    2.037ns
    Source Clock Delay      (SCD):    1.521ns
    Clock Pessimism Removal (CPR):    0.502ns

    Location             Delay type                Incr(ns)  Path(ns)    Netlist Resource(s)
  -------------------------------------------------------------------    -------------------
                         (clock sys_clk_pin rise edge)
                                                      0.000     0.000 r  
    E3                                                0.000     0.000 r  clk (IN)
                         net (fo=0)                   0.000     0.000    clk
    E3                   IBUF (Prop_ibuf_I_O)         0.250     0.250 r  clk_IBUF_inst/O
                         net (fo=1, routed)           0.644     0.894    clk_IBUF
    BUFGCTRL_X0Y16       BUFG (Prop_bufg_I_O)         0.026     0.920 r  clk_IBUF_BUFG_inst/O
                         net (fo=109, routed)         0.602     1.521    u_stuffer/clk_IBUF_BUFG
    SLICE_X1Y89          FDPE                                         r  u_stuffer/bit_out_reg/C
  -------------------------------------------------------------------    -------------------
    SLICE_X1Y89          FDPE (Prop_fdpe_C_Q)         0.141     1.662 r  u_stuffer/bit_out_reg/Q
                         net (fo=4, routed)           0.203     1.865    u_stuffer/led_bit_out_OBUF
    SLICE_X2Y86          LUT4 (Prop_lut4_I0_O)        0.045     1.910 r  u_stuffer/bit_out_i_1__0/O
                         net (fo=1, routed)           0.000     1.910    u_destuffer/bit_out_reg_0
    SLICE_X2Y86          FDPE                                         r  u_destuffer/bit_out_reg/D
  -------------------------------------------------------------------    -------------------

                         (clock sys_clk_pin rise edge)
                                                      0.000     0.000 r  
    E3                                                0.000     0.000 r  clk (IN)
                         net (fo=0)                   0.000     0.000    clk
    E3                   IBUF (Prop_ibuf_I_O)         0.438     0.438 r  clk_IBUF_inst/O
                         net (fo=1, routed)           0.699     1.136    clk_IBUF
    BUFGCTRL_X0Y16       BUFG (Prop_bufg_I_O)         0.029     1.165 r  clk_IBUF_BUFG_inst/O
                         net (fo=109, routed)         0.872     2.037    u_destuffer/clk_IBUF_BUFG
    SLICE_X2Y86          FDPE                                         r  u_destuffer/bit_out_reg/C
                         clock pessimism             -0.502     1.534    
    SLICE_X2Y86          FDPE (Hold_fdpe_C_D)         0.121     1.655    u_destuffer/bit_out_reg
  -------------------------------------------------------------------
                         required time                         -1.655    
                         arrival time                           1.910    
  -------------------------------------------------------------------
                         slack                                  0.255    

Slack (MET) :             0.263ns  (arrival time - required time)
  Source:                 u_stuffer/same_count_reg[1]/C
                            (rising edge-triggered cell FDCE clocked by sys_clk_pin  {rise@0.000ns fall@5.000ns period=10.000ns})
  Destination:            u_stuffer/same_count_reg[1]/D
                            (rising edge-triggered cell FDCE clocked by sys_clk_pin  {rise@0.000ns fall@5.000ns period=10.000ns})
  Path Group:             sys_clk_pin
  Path Type:              Hold (Min at Fast Process Corner)
  Requirement:            0.000ns  (sys_clk_pin rise@0.000ns - sys_clk_pin rise@0.000ns)
  Data Path Delay:        0.354ns  (logic 0.186ns (52.498%)  route 0.168ns (47.502%))
  Logic Levels:           1  (LUT3=1)
  Clock Path Skew:        0.000ns (DCD - SCD - CPR)
    Destination Clock Delay (DCD):    2.038ns
    Source Clock Delay      (SCD):    1.520ns
    Clock Pessimism Removal (CPR):    0.517ns

    Location             Delay type                Incr(ns)  Path(ns)    Netlist Resource(s)
  -------------------------------------------------------------------    -------------------
                         (clock sys_clk_pin rise edge)
                                                      0.000     0.000 r  
    E3                                                0.000     0.000 r  clk (IN)
                         net (fo=0)                   0.000     0.000    clk
    E3                   IBUF (Prop_ibuf_I_O)         0.250     0.250 r  clk_IBUF_inst/O
                         net (fo=1, routed)           0.644     0.894    clk_IBUF
    BUFGCTRL_X0Y16       BUFG (Prop_bufg_I_O)         0.026     0.920 r  clk_IBUF_BUFG_inst/O
                         net (fo=109, routed)         0.601     1.520    u_stuffer/clk_IBUF_BUFG
    SLICE_X1Y87          FDCE                                         r  u_stuffer/same_count_reg[1]/C
  -------------------------------------------------------------------    -------------------
    SLICE_X1Y87          FDCE (Prop_fdce_C_Q)         0.141     1.661 r  u_stuffer/same_count_reg[1]/Q
                         net (fo=3, routed)           0.168     1.830    u_stuffer/same_count[1]
    SLICE_X1Y87          LUT3 (Prop_lut3_I1_O)        0.045     1.875 r  u_stuffer/same_count[1]_i_1/O
                         net (fo=1, routed)           0.000     1.875    u_stuffer/same_count[1]_i_1_n_0
    SLICE_X1Y87          FDCE                                         r  u_stuffer/same_count_reg[1]/D
  -------------------------------------------------------------------    -------------------

                         (clock sys_clk_pin rise edge)
                                                      0.000     0.000 r  
    E3                                                0.000     0.000 r  clk (IN)
                         net (fo=0)                   0.000     0.000    clk
    E3                   IBUF (Prop_ibuf_I_O)         0.438     0.438 r  clk_IBUF_inst/O
                         net (fo=1, routed)           0.699     1.136    clk_IBUF
    BUFGCTRL_X0Y16       BUFG (Prop_bufg_I_O)         0.029     1.165 r  clk_IBUF_BUFG_inst/O
                         net (fo=109, routed)         0.873     2.038    u_stuffer/clk_IBUF_BUFG
    SLICE_X1Y87          FDCE                                         r  u_stuffer/same_count_reg[1]/C
                         clock pessimism             -0.517     1.520    
    SLICE_X1Y87          FDCE (Hold_fdce_C_D)         0.091     1.611    u_stuffer/same_count_reg[1]
  -------------------------------------------------------------------
                         required time                         -1.611    
                         arrival time                           1.875    
  -------------------------------------------------------------------
                         slack                                  0.263    

Slack (MET) :             0.268ns  (arrival time - required time)
  Source:                 hb_cnt_reg[10]/C
                            (rising edge-triggered cell FDCE clocked by sys_clk_pin  {rise@0.000ns fall@5.000ns period=10.000ns})
  Destination:            hb_cnt_reg[10]/D
                            (rising edge-triggered cell FDCE clocked by sys_clk_pin  {rise@0.000ns fall@5.000ns period=10.000ns})
  Path Group:             sys_clk_pin
  Path Type:              Hold (Min at Fast Process Corner)
  Requirement:            0.000ns  (sys_clk_pin rise@0.000ns - sys_clk_pin rise@0.000ns)
  Data Path Delay:        0.373ns  (logic 0.252ns (67.478%)  route 0.121ns (32.522%))
  Logic Levels:           1  (CARRY4=1)
  Clock Path Skew:        0.000ns (DCD - SCD - CPR)
    Destination Clock Delay (DCD):    2.041ns
    Source Clock Delay      (SCD):    1.522ns
    Clock Pessimism Removal (CPR):    0.518ns

    Location             Delay type                Incr(ns)  Path(ns)    Netlist Resource(s)
  -------------------------------------------------------------------    -------------------
                         (clock sys_clk_pin rise edge)
                                                      0.000     0.000 r  
    E3                                                0.000     0.000 r  clk (IN)
                         net (fo=0)                   0.000     0.000    clk
    E3                   IBUF (Prop_ibuf_I_O)         0.250     0.250 r  clk_IBUF_inst/O
                         net (fo=1, routed)           0.644     0.894    clk_IBUF
    BUFGCTRL_X0Y16       BUFG (Prop_bufg_I_O)         0.026     0.920 r  clk_IBUF_BUFG_inst/O
                         net (fo=109, routed)         0.603     1.522    clk_IBUF_BUFG
    SLICE_X0Y91          FDCE                                         r  hb_cnt_reg[10]/C
  -------------------------------------------------------------------    -------------------
    SLICE_X0Y91          FDCE (Prop_fdce_C_Q)         0.141     1.663 r  hb_cnt_reg[10]/Q
                         net (fo=1, routed)           0.121     1.785    hb_cnt_reg_n_0_[10]
    SLICE_X0Y91          CARRY4 (Prop_carry4_S[2]_O[2])
                                                      0.111     1.896 r  hb_cnt_reg[8]_i_1/O[2]
                         net (fo=1, routed)           0.000     1.896    hb_cnt_reg[8]_i_1_n_5
    SLICE_X0Y91          FDCE                                         r  hb_cnt_reg[10]/D
  -------------------------------------------------------------------    -------------------

                         (clock sys_clk_pin rise edge)
                                                      0.000     0.000 r  
    E3                                                0.000     0.000 r  clk (IN)
                         net (fo=0)                   0.000     0.000    clk
    E3                   IBUF (Prop_ibuf_I_O)         0.438     0.438 r  clk_IBUF_inst/O
                         net (fo=1, routed)           0.699     1.136    clk_IBUF
    BUFGCTRL_X0Y16       BUFG (Prop_bufg_I_O)         0.029     1.165 r  clk_IBUF_BUFG_inst/O
                         net (fo=109, routed)         0.876     2.041    clk_IBUF_BUFG
    SLICE_X0Y91          FDCE                                         r  hb_cnt_reg[10]/C
                         clock pessimism             -0.518     1.522    
    SLICE_X0Y91          FDCE (Hold_fdce_C_D)         0.105     1.627    hb_cnt_reg[10]
  -------------------------------------------------------------------
                         required time                         -1.627    
                         arrival time                           1.896    
  -------------------------------------------------------------------
                         slack                                  0.268    

Slack (MET) :             0.268ns  (arrival time - required time)
  Source:                 hb_cnt_reg[14]/C
                            (rising edge-triggered cell FDCE clocked by sys_clk_pin  {rise@0.000ns fall@5.000ns period=10.000ns})
  Destination:            hb_cnt_reg[14]/D
                            (rising edge-triggered cell FDCE clocked by sys_clk_pin  {rise@0.000ns fall@5.000ns period=10.000ns})
  Path Group:             sys_clk_pin
  Path Type:              Hold (Min at Fast Process Corner)
  Requirement:            0.000ns  (sys_clk_pin rise@0.000ns - sys_clk_pin rise@0.000ns)
  Data Path Delay:        0.373ns  (logic 0.252ns (67.478%)  route 0.121ns (32.522%))
  Logic Levels:           1  (CARRY4=1)
  Clock Path Skew:        0.000ns (DCD - SCD - CPR)
    Destination Clock Delay (DCD):    2.041ns
    Source Clock Delay      (SCD):    1.522ns
    Clock Pessimism Removal (CPR):    0.518ns

    Location             Delay type                Incr(ns)  Path(ns)    Netlist Resource(s)
  -------------------------------------------------------------------    -------------------
                         (clock sys_clk_pin rise edge)
                                                      0.000     0.000 r  
    E3                                                0.000     0.000 r  clk (IN)
                         net (fo=0)                   0.000     0.000    clk
    E3                   IBUF (Prop_ibuf_I_O)         0.250     0.250 r  clk_IBUF_inst/O
                         net (fo=1, routed)           0.644     0.894    clk_IBUF
    BUFGCTRL_X0Y16       BUFG (Prop_bufg_I_O)         0.026     0.920 r  clk_IBUF_BUFG_inst/O
                         net (fo=109, routed)         0.603     1.522    clk_IBUF_BUFG
    SLICE_X0Y92          FDCE                                         r  hb_cnt_reg[14]/C
  -------------------------------------------------------------------    -------------------
    SLICE_X0Y92          FDCE (Prop_fdce_C_Q)         0.141     1.663 r  hb_cnt_reg[14]/Q
                         net (fo=1, routed)           0.121     1.785    hb_cnt_reg_n_0_[14]
    SLICE_X0Y92          CARRY4 (Prop_carry4_S[2]_O[2])
                                                      0.111     1.896 r  hb_cnt_reg[12]_i_1/O[2]
                         net (fo=1, routed)           0.000     1.896    hb_cnt_reg[12]_i_1_n_5
    SLICE_X0Y92          FDCE                                         r  hb_cnt_reg[14]/D
  -------------------------------------------------------------------    -------------------

                         (clock sys_clk_pin rise edge)
                                                      0.000     0.000 r  
    E3                                                0.000     0.000 r  clk (IN)
                         net (fo=0)                   0.000     0.000    clk
    E3                   IBUF (Prop_ibuf_I_O)         0.438     0.438 r  clk_IBUF_inst/O
                         net (fo=1, routed)           0.699     1.136    clk_IBUF
    BUFGCTRL_X0Y16       BUFG (Prop_bufg_I_O)         0.029     1.165 r  clk_IBUF_BUFG_inst/O
                         net (fo=109, routed)         0.876     2.041    clk_IBUF_BUFG
    SLICE_X0Y92          FDCE                                         r  hb_cnt_reg[14]/C
                         clock pessimism             -0.518     1.522    
    SLICE_X0Y92          FDCE (Hold_fdce_C_D)         0.105     1.627    hb_cnt_reg[14]
  -------------------------------------------------------------------
                         required time                         -1.627    
                         arrival time                           1.896    
  -------------------------------------------------------------------
                         slack                                  0.268    

Slack (MET) :             0.268ns  (arrival time - required time)
  Source:                 hb_cnt_reg[2]/C
                            (rising edge-triggered cell FDCE clocked by sys_clk_pin  {rise@0.000ns fall@5.000ns period=10.000ns})
  Destination:            hb_cnt_reg[2]/D
                            (rising edge-triggered cell FDCE clocked by sys_clk_pin  {rise@0.000ns fall@5.000ns period=10.000ns})
  Path Group:             sys_clk_pin
  Path Type:              Hold (Min at Fast Process Corner)
  Requirement:            0.000ns  (sys_clk_pin rise@0.000ns - sys_clk_pin rise@0.000ns)
  Data Path Delay:        0.373ns  (logic 0.252ns (67.478%)  route 0.121ns (32.522%))
  Logic Levels:           1  (CARRY4=1)
  Clock Path Skew:        0.000ns (DCD - SCD - CPR)
    Destination Clock Delay (DCD):    2.040ns
    Source Clock Delay      (SCD):    1.521ns
    Clock Pessimism Removal (CPR):    0.518ns

    Location             Delay type                Incr(ns)  Path(ns)    Netlist Resource(s)
  -------------------------------------------------------------------    -------------------
                         (clock sys_clk_pin rise edge)
                                                      0.000     0.000 r  
    E3                                                0.000     0.000 r  clk (IN)
                         net (fo=0)                   0.000     0.000    clk
    E3                   IBUF (Prop_ibuf_I_O)         0.250     0.250 r  clk_IBUF_inst/O
                         net (fo=1, routed)           0.644     0.894    clk_IBUF
    BUFGCTRL_X0Y16       BUFG (Prop_bufg_I_O)         0.026     0.920 r  clk_IBUF_BUFG_inst/O
                         net (fo=109, routed)         0.602     1.521    clk_IBUF_BUFG
    SLICE_X0Y89          FDCE                                         r  hb_cnt_reg[2]/C
  -------------------------------------------------------------------    -------------------
    SLICE_X0Y89          FDCE (Prop_fdce_C_Q)         0.141     1.662 r  hb_cnt_reg[2]/Q
                         net (fo=1, routed)           0.121     1.784    hb_cnt_reg_n_0_[2]
    SLICE_X0Y89          CARRY4 (Prop_carry4_S[2]_O[2])
                                                      0.111     1.895 r  hb_cnt_reg[0]_i_1/O[2]
                         net (fo=1, routed)           0.000     1.895    hb_cnt_reg[0]_i_1_n_5
    SLICE_X0Y89          FDCE                                         r  hb_cnt_reg[2]/D
  -------------------------------------------------------------------    -------------------

                         (clock sys_clk_pin rise edge)
                                                      0.000     0.000 r  
    E3                                                0.000     0.000 r  clk (IN)
                         net (fo=0)                   0.000     0.000    clk
    E3                   IBUF (Prop_ibuf_I_O)         0.438     0.438 r  clk_IBUF_inst/O
                         net (fo=1, routed)           0.699     1.136    clk_IBUF
    BUFGCTRL_X0Y16       BUFG (Prop_bufg_I_O)         0.029     1.165 r  clk_IBUF_BUFG_inst/O
                         net (fo=109, routed)         0.875     2.040    clk_IBUF_BUFG
    SLICE_X0Y89          FDCE                                         r  hb_cnt_reg[2]/C
                         clock pessimism             -0.518     1.521    
    SLICE_X0Y89          FDCE (Hold_fdce_C_D)         0.105     1.626    hb_cnt_reg[2]
  -------------------------------------------------------------------
                         required time                         -1.626    
                         arrival time                           1.895    
  -------------------------------------------------------------------
                         slack                                  0.268    





Pulse Width Checks
--------------------------------------------------------------------------------------
Clock Name:         sys_clk_pin
Waveform(ns):       { 0.000 5.000 }
Period(ns):         10.000
Sources:            { clk }

Check Type        Corner  Lib Pin  Reference Pin  Required(ns)  Actual(ns)  Slack(ns)  Location        Pin
Min Period        n/a     BUFG/I   n/a            2.155         10.000      7.845      BUFGCTRL_X0Y16  clk_IBUF_BUFG_inst/I
Min Period        n/a     FDCE/C   n/a            1.000         10.000      9.000      SLICE_X0Y89     auto_tick_reg/C
Min Period        n/a     FDCE/C   n/a            1.000         10.000      9.000      SLICE_X5Y82     db_cnt_reg[0]/C
Min Period        n/a     FDCE/C   n/a            1.000         10.000      9.000      SLICE_X4Y84     db_cnt_reg[10]/C
Min Period        n/a     FDCE/C   n/a            1.000         10.000      9.000      SLICE_X4Y84     db_cnt_reg[11]/C
Min Period        n/a     FDCE/C   n/a            1.000         10.000      9.000      SLICE_X4Y84     db_cnt_reg[12]/C
Min Period        n/a     FDCE/C   n/a            1.000         10.000      9.000      SLICE_X4Y85     db_cnt_reg[13]/C
Min Period        n/a     FDCE/C   n/a            1.000         10.000      9.000      SLICE_X4Y85     db_cnt_reg[14]/C
Min Period        n/a     FDCE/C   n/a            1.000         10.000      9.000      SLICE_X4Y85     db_cnt_reg[15]/C
Min Period        n/a     FDCE/C   n/a            1.000         10.000      9.000      SLICE_X4Y85     db_cnt_reg[16]/C
Low Pulse Width   Slow    FDCE/C   n/a            0.500         5.000       4.500      SLICE_X0Y89     auto_tick_reg/C
Low Pulse Width   Fast    FDCE/C   n/a            0.500         5.000       4.500      SLICE_X0Y89     auto_tick_reg/C
Low Pulse Width   Slow    FDCE/C   n/a            0.500         5.000       4.500      SLICE_X5Y82     db_cnt_reg[0]/C
Low Pulse Width   Fast    FDCE/C   n/a            0.500         5.000       4.500      SLICE_X5Y82     db_cnt_reg[0]/C
Low Pulse Width   Slow    FDCE/C   n/a            0.500         5.000       4.500      SLICE_X4Y84     db_cnt_reg[10]/C
Low Pulse Width   Fast    FDCE/C   n/a            0.500         5.000       4.500      SLICE_X4Y84     db_cnt_reg[10]/C
Low Pulse Width   Slow    FDCE/C   n/a            0.500         5.000       4.500      SLICE_X4Y84     db_cnt_reg[11]/C
Low Pulse Width   Fast    FDCE/C   n/a            0.500         5.000       4.500      SLICE_X4Y84     db_cnt_reg[11]/C
Low Pulse Width   Slow    FDCE/C   n/a            0.500         5.000       4.500      SLICE_X4Y84     db_cnt_reg[12]/C
Low Pulse Width   Fast    FDCE/C   n/a            0.500         5.000       4.500      SLICE_X4Y84     db_cnt_reg[12]/C
High Pulse Width  Slow    FDCE/C   n/a            0.500         5.000       4.500      SLICE_X0Y89     auto_tick_reg/C
High Pulse Width  Fast    FDCE/C   n/a            0.500         5.000       4.500      SLICE_X0Y89     auto_tick_reg/C
High Pulse Width  Slow    FDCE/C   n/a            0.500         5.000       4.500      SLICE_X5Y82     db_cnt_reg[0]/C
High Pulse Width  Fast    FDCE/C   n/a            0.500         5.000       4.500      SLICE_X5Y82     db_cnt_reg[0]/C
High Pulse Width  Slow    FDCE/C   n/a            0.500         5.000       4.500      SLICE_X4Y84     db_cnt_reg[10]/C
High Pulse Width  Fast    FDCE/C   n/a            0.500         5.000       4.500      SLICE_X4Y84     db_cnt_reg[10]/C
High Pulse Width  Slow    FDCE/C   n/a            0.500         5.000       4.500      SLICE_X4Y84     db_cnt_reg[11]/C
High Pulse Width  Fast    FDCE/C   n/a            0.500         5.000       4.500      SLICE_X4Y84     db_cnt_reg[11]/C
High Pulse Width  Slow    FDCE/C   n/a            0.500         5.000       4.500      SLICE_X4Y84     db_cnt_reg[12]/C
High Pulse Width  Fast    FDCE/C   n/a            0.500         5.000       4.500      SLICE_X4Y84     db_cnt_reg[12]/C



--------------------------------------------------------------------------------------
Path Group:  (none)
From Clock:  sys_clk_pin
  To Clock:  

Max Delay             7 Endpoints
Min Delay             7 Endpoints
--------------------------------------------------------------------------------------


Max Delay Paths
--------------------------------------------------------------------------------------
Slack:                    inf
  Source:                 pass_r_reg/C
                            (rising edge-triggered cell FDCE clocked by sys_clk_pin  {rise@0.000ns fall@5.000ns period=10.000ns})
  Destination:            led_pass
                            (output port)
  Path Group:             (none)
  Path Type:              Max at Slow Process Corner
  Data Path Delay:        6.721ns  (logic 4.202ns (62.522%)  route 2.519ns (37.478%))
  Logic Levels:           1  (OBUF=1)
  Clock Uncertainty:      0.025ns  ((TSJ^2 + TIJ^2)^1/2 + DJ) / 2 + PE
    Total System Jitter     (TSJ):    0.050ns
    Total Input Jitter      (TIJ):    0.000ns
    Discrete Jitter          (DJ):    0.000ns
    Phase Error              (PE):    0.000ns

    Location             Delay type                Incr(ns)  Path(ns)    Netlist Resource(s)
  -------------------------------------------------------------------    -------------------
                         (clock sys_clk_pin rise edge)
                                                      0.000     0.000 r  
    E3                                                0.000     0.000 r  clk (IN)
                         net (fo=0)                   0.000     0.000    clk
    E3                   IBUF (Prop_ibuf_I_O)         1.482     1.482 r  clk_IBUF_inst/O
                         net (fo=1, routed)           2.025     3.506    clk_IBUF
    BUFGCTRL_X0Y16       BUFG (Prop_bufg_I_O)         0.096     3.602 r  clk_IBUF_BUFG_inst/O
                         net (fo=109, routed)         1.720     5.323    clk_IBUF_BUFG
    SLICE_X2Y85          FDCE                                         r  pass_r_reg/C
  -------------------------------------------------------------------    -------------------
    SLICE_X2Y85          FDCE (Prop_fdce_C_Q)         0.478     5.801 r  pass_r_reg/Q
                         net (fo=1, routed)           2.519     8.319    led_pass_OBUF
    V17                  OBUF (Prop_obuf_I_O)         3.724    12.043 r  led_pass_OBUF_inst/O
                         net (fo=0)                   0.000    12.043    led_pass
    V17                                                               r  led_pass (OUT)
  -------------------------------------------------------------------    -------------------

Slack:                    inf
  Source:                 u_stuffer/stuffing_reg/C
                            (rising edge-triggered cell FDCE clocked by sys_clk_pin  {rise@0.000ns fall@5.000ns period=10.000ns})
  Destination:            led_stuffing
                            (output port)
  Path Group:             (none)
  Path Type:              Max at Slow Process Corner
  Data Path Delay:        6.385ns  (logic 4.009ns (62.784%)  route 2.376ns (37.216%))
  Logic Levels:           1  (OBUF=1)
  Clock Uncertainty:      0.025ns  ((TSJ^2 + TIJ^2)^1/2 + DJ) / 2 + PE
    Total System Jitter     (TSJ):    0.050ns
    Total Input Jitter      (TIJ):    0.000ns
    Discrete Jitter          (DJ):    0.000ns
    Phase Error              (PE):    0.000ns

    Location             Delay type                Incr(ns)  Path(ns)    Netlist Resource(s)
  -------------------------------------------------------------------    -------------------
                         (clock sys_clk_pin rise edge)
                                                      0.000     0.000 r  
    E3                                                0.000     0.000 r  clk (IN)
                         net (fo=0)                   0.000     0.000    clk
    E3                   IBUF (Prop_ibuf_I_O)         1.482     1.482 r  clk_IBUF_inst/O
                         net (fo=1, routed)           2.025     3.506    clk_IBUF
    BUFGCTRL_X0Y16       BUFG (Prop_bufg_I_O)         0.096     3.602 r  clk_IBUF_BUFG_inst/O
                         net (fo=109, routed)         1.723     5.326    u_stuffer/clk_IBUF_BUFG
    SLICE_X1Y89          FDCE                                         r  u_stuffer/stuffing_reg/C
  -------------------------------------------------------------------    -------------------
    SLICE_X1Y89          FDCE (Prop_fdce_C_Q)         0.456     5.782 r  u_stuffer/stuffing_reg/Q
                         net (fo=1, routed)           2.376     8.158    led_stuffing_OBUF
    J13                  OBUF (Prop_obuf_I_O)         3.553    11.710 r  led_stuffing_OBUF_inst/O
                         net (fo=0)                   0.000    11.710    led_stuffing
    J13                                                               r  led_stuffing (OUT)
  -------------------------------------------------------------------    -------------------

Slack:                    inf
  Source:                 err_r_reg/C
                            (rising edge-triggered cell FDCE clocked by sys_clk_pin  {rise@0.000ns fall@5.000ns period=10.000ns})
  Destination:            led_error
                            (output port)
  Path Group:             (none)
  Path Type:              Max at Slow Process Corner
  Data Path Delay:        6.368ns  (logic 4.073ns (63.957%)  route 2.295ns (36.043%))
  Logic Levels:           1  (OBUF=1)
  Clock Uncertainty:      0.025ns  ((TSJ^2 + TIJ^2)^1/2 + DJ) / 2 + PE
    Total System Jitter     (TSJ):    0.050ns
    Total Input Jitter      (TIJ):    0.000ns
    Discrete Jitter          (DJ):    0.000ns
    Phase Error              (PE):    0.000ns

    Location             Delay type                Incr(ns)  Path(ns)    Netlist Resource(s)
  -------------------------------------------------------------------    -------------------
                         (clock sys_clk_pin rise edge)
                                                      0.000     0.000 r  
    E3                                                0.000     0.000 r  clk (IN)
                         net (fo=0)                   0.000     0.000    clk
    E3                   IBUF (Prop_ibuf_I_O)         1.482     1.482 r  clk_IBUF_inst/O
                         net (fo=1, routed)           2.025     3.506    clk_IBUF
    BUFGCTRL_X0Y16       BUFG (Prop_bufg_I_O)         0.096     3.602 r  clk_IBUF_BUFG_inst/O
                         net (fo=109, routed)         1.718     5.321    clk_IBUF_BUFG
    SLICE_X2Y84          FDCE                                         r  err_r_reg/C
  -------------------------------------------------------------------    -------------------
    SLICE_X2Y84          FDCE (Prop_fdce_C_Q)         0.518     5.839 r  err_r_reg/Q
                         net (fo=1, routed)           2.295     8.134    led_error_OBUF
    U17                  OBUF (Prop_obuf_I_O)         3.555    11.689 r  led_error_OBUF_inst/O
                         net (fo=0)                   0.000    11.689    led_error
    U17                                                               r  led_error (OUT)
  -------------------------------------------------------------------    -------------------

Slack:                    inf
  Source:                 hb_cnt_reg[26]/C
                            (rising edge-triggered cell FDCE clocked by sys_clk_pin  {rise@0.000ns fall@5.000ns period=10.000ns})
  Destination:            led_heartbeat
                            (output port)
  Path Group:             (none)
  Path Type:              Max at Slow Process Corner
  Data Path Delay:        6.264ns  (logic 3.976ns (63.478%)  route 2.288ns (36.522%))
  Logic Levels:           1  (OBUF=1)
  Clock Uncertainty:      0.025ns  ((TSJ^2 + TIJ^2)^1/2 + DJ) / 2 + PE
    Total System Jitter     (TSJ):    0.050ns
    Total Input Jitter      (TIJ):    0.000ns
    Discrete Jitter          (DJ):    0.000ns
    Phase Error              (PE):    0.000ns

    Location             Delay type                Incr(ns)  Path(ns)    Netlist Resource(s)
  -------------------------------------------------------------------    -------------------
                         (clock sys_clk_pin rise edge)
                                                      0.000     0.000 r  
    E3                                                0.000     0.000 r  clk (IN)
                         net (fo=0)                   0.000     0.000    clk
    E3                   IBUF (Prop_ibuf_I_O)         1.482     1.482 r  clk_IBUF_inst/O
                         net (fo=1, routed)           2.025     3.506    clk_IBUF
    BUFGCTRL_X0Y16       BUFG (Prop_bufg_I_O)         0.096     3.602 r  clk_IBUF_BUFG_inst/O
                         net (fo=109, routed)         1.725     5.328    clk_IBUF_BUFG
    SLICE_X0Y95          FDCE                                         r  hb_cnt_reg[26]/C
  -------------------------------------------------------------------    -------------------
    SLICE_X0Y95          FDCE (Prop_fdce_C_Q)         0.456     5.784 r  hb_cnt_reg[26]/Q
                         net (fo=2, routed)           2.288     8.071    led_heartbeat_OBUF
    H17                  OBUF (Prop_obuf_I_O)         3.520    11.592 r  led_heartbeat_OBUF_inst/O
                         net (fo=0)                   0.000    11.592    led_heartbeat
    H17                                                               r  led_heartbeat (OUT)
  -------------------------------------------------------------------    -------------------

Slack:                    inf
  Source:                 u_stuffer/bit_out_reg_lopt_replica/C
                            (rising edge-triggered cell FDPE clocked by sys_clk_pin  {rise@0.000ns fall@5.000ns period=10.000ns})
  Destination:            led_bit_out
                            (output port)
  Path Group:             (none)
  Path Type:              Max at Slow Process Corner
  Data Path Delay:        6.067ns  (logic 3.991ns (65.785%)  route 2.076ns (34.215%))
  Logic Levels:           1  (OBUF=1)
  Clock Uncertainty:      0.025ns  ((TSJ^2 + TIJ^2)^1/2 + DJ) / 2 + PE
    Total System Jitter     (TSJ):    0.050ns
    Total Input Jitter      (TIJ):    0.000ns
    Discrete Jitter          (DJ):    0.000ns
    Phase Error              (PE):    0.000ns

    Location             Delay type                Incr(ns)  Path(ns)    Netlist Resource(s)
  -------------------------------------------------------------------    -------------------
                         (clock sys_clk_pin rise edge)
                                                      0.000     0.000 r  
    E3                                                0.000     0.000 r  clk (IN)
                         net (fo=0)                   0.000     0.000    clk
    E3                   IBUF (Prop_ibuf_I_O)         1.482     1.482 r  clk_IBUF_inst/O
                         net (fo=1, routed)           2.025     3.506    clk_IBUF
    BUFGCTRL_X0Y16       BUFG (Prop_bufg_I_O)         0.096     3.602 r  clk_IBUF_BUFG_inst/O
                         net (fo=109, routed)         1.723     5.326    u_stuffer/clk_IBUF_BUFG
    SLICE_X1Y89          FDPE                                         r  u_stuffer/bit_out_reg_lopt_replica/C
  -------------------------------------------------------------------    -------------------
    SLICE_X1Y89          FDPE (Prop_fdpe_C_Q)         0.456     5.782 r  u_stuffer/bit_out_reg_lopt_replica/Q
                         net (fo=1, routed)           2.076     7.858    lopt
    K15                  OBUF (Prop_obuf_I_O)         3.535    11.393 r  led_bit_out_OBUF_inst/O
                         net (fo=0)                   0.000    11.393    led_bit_out
    K15                                                               r  led_bit_out (OUT)
  -------------------------------------------------------------------    -------------------

Slack:                    inf
  Source:                 u_stuffer/stuff_pending_reg/C
                            (rising edge-triggered cell FDCE clocked by sys_clk_pin  {rise@0.000ns fall@5.000ns period=10.000ns})
  Destination:            led_stuff_pending
                            (output port)
  Path Group:             (none)
  Path Type:              Max at Slow Process Corner
  Data Path Delay:        5.896ns  (logic 4.007ns (67.951%)  route 1.890ns (32.049%))
  Logic Levels:           1  (OBUF=1)
  Clock Uncertainty:      0.025ns  ((TSJ^2 + TIJ^2)^1/2 + DJ) / 2 + PE
    Total System Jitter     (TSJ):    0.050ns
    Total Input Jitter      (TIJ):    0.000ns
    Discrete Jitter          (DJ):    0.000ns
    Phase Error              (PE):    0.000ns

    Location             Delay type                Incr(ns)  Path(ns)    Netlist Resource(s)
  -------------------------------------------------------------------    -------------------
                         (clock sys_clk_pin rise edge)
                                                      0.000     0.000 r  
    E3                                                0.000     0.000 r  clk (IN)
                         net (fo=0)                   0.000     0.000    clk
    E3                   IBUF (Prop_ibuf_I_O)         1.482     1.482 r  clk_IBUF_inst/O
                         net (fo=1, routed)           2.025     3.506    clk_IBUF
    BUFGCTRL_X0Y16       BUFG (Prop_bufg_I_O)         0.096     3.602 r  clk_IBUF_BUFG_inst/O
                         net (fo=109, routed)         1.722     5.325    u_stuffer/clk_IBUF_BUFG
    SLICE_X1Y88          FDCE                                         r  u_stuffer/stuff_pending_reg/C
  -------------------------------------------------------------------    -------------------
    SLICE_X1Y88          FDCE (Prop_fdce_C_Q)         0.456     5.781 r  u_stuffer/stuff_pending_reg/Q
                         net (fo=6, routed)           1.890     7.670    led_stuff_pending_OBUF
    N14                  OBUF (Prop_obuf_I_O)         3.551    11.221 r  led_stuff_pending_OBUF_inst/O
                         net (fo=0)                   0.000    11.221    led_stuff_pending
    N14                                                               r  led_stuff_pending (OUT)
  -------------------------------------------------------------------    -------------------

Slack:                    inf
  Source:                 u_destuffer/bit_out_reg/C
                            (rising edge-triggered cell FDPE clocked by sys_clk_pin  {rise@0.000ns fall@5.000ns period=10.000ns})
  Destination:            led_recovered
                            (output port)
  Path Group:             (none)
  Path Type:              Max at Slow Process Corner
  Data Path Delay:        5.755ns  (logic 4.070ns (70.719%)  route 1.685ns (29.281%))
  Logic Levels:           1  (OBUF=1)
  Clock Uncertainty:      0.025ns  ((TSJ^2 + TIJ^2)^1/2 + DJ) / 2 + PE
    Total System Jitter     (TSJ):    0.050ns
    Total Input Jitter      (TIJ):    0.000ns
    Discrete Jitter          (DJ):    0.000ns
    Phase Error              (PE):    0.000ns

    Location             Delay type                Incr(ns)  Path(ns)    Netlist Resource(s)
  -------------------------------------------------------------------    -------------------
                         (clock sys_clk_pin rise edge)
                                                      0.000     0.000 r  
    E3                                                0.000     0.000 r  clk (IN)
                         net (fo=0)                   0.000     0.000    clk
    E3                   IBUF (Prop_ibuf_I_O)         1.482     1.482 r  clk_IBUF_inst/O
                         net (fo=1, routed)           2.025     3.506    clk_IBUF
    BUFGCTRL_X0Y16       BUFG (Prop_bufg_I_O)         0.096     3.602 r  clk_IBUF_BUFG_inst/O
                         net (fo=109, routed)         1.720     5.323    u_destuffer/clk_IBUF_BUFG
    SLICE_X2Y86          FDPE                                         r  u_destuffer/bit_out_reg/C
  -------------------------------------------------------------------    -------------------
    SLICE_X2Y86          FDPE (Prop_fdpe_C_Q)         0.518     5.841 r  u_destuffer/bit_out_reg/Q
                         net (fo=3, routed)           1.685     7.526    led_recovered_OBUF
    R18                  OBUF (Prop_obuf_I_O)         3.552    11.077 r  led_recovered_OBUF_inst/O
                         net (fo=0)                   0.000    11.077    led_recovered
    R18                                                               r  led_recovered (OUT)
  -------------------------------------------------------------------    -------------------





Min Delay Paths
--------------------------------------------------------------------------------------
Slack:                    inf
  Source:                 u_destuffer/bit_out_reg/C
                            (rising edge-triggered cell FDPE clocked by sys_clk_pin  {rise@0.000ns fall@5.000ns period=10.000ns})
  Destination:            led_recovered
                            (output port)
  Path Group:             (none)
  Path Type:              Min at Fast Process Corner
  Data Path Delay:        1.766ns  (logic 1.416ns (80.183%)  route 0.350ns (19.817%))
  Logic Levels:           1  (OBUF=1)
  Clock Uncertainty:      0.025ns  ((TSJ^2 + TIJ^2)^1/2 + DJ) / 2 + PE
    Total System Jitter     (TSJ):    0.050ns
    Total Input Jitter      (TIJ):    0.000ns
    Discrete Jitter          (DJ):    0.000ns
    Phase Error              (PE):    0.000ns

    Location             Delay type                Incr(ns)  Path(ns)    Netlist Resource(s)
  -------------------------------------------------------------------    -------------------
                         (clock sys_clk_pin rise edge)
                                                      0.000     0.000 r  
    E3                                                0.000     0.000 r  clk (IN)
                         net (fo=0)                   0.000     0.000    clk
    E3                   IBUF (Prop_ibuf_I_O)         0.250     0.250 r  clk_IBUF_inst/O
                         net (fo=1, routed)           0.644     0.894    clk_IBUF
    BUFGCTRL_X0Y16       BUFG (Prop_bufg_I_O)         0.026     0.920 r  clk_IBUF_BUFG_inst/O
                         net (fo=109, routed)         0.600     1.519    u_destuffer/clk_IBUF_BUFG
    SLICE_X2Y86          FDPE                                         r  u_destuffer/bit_out_reg/C
  -------------------------------------------------------------------    -------------------
    SLICE_X2Y86          FDPE (Prop_fdpe_C_Q)         0.164     1.683 r  u_destuffer/bit_out_reg/Q
                         net (fo=3, routed)           0.350     2.033    led_recovered_OBUF
    R18                  OBUF (Prop_obuf_I_O)         1.252     3.286 r  led_recovered_OBUF_inst/O
                         net (fo=0)                   0.000     3.286    led_recovered
    R18                                                               r  led_recovered (OUT)
  -------------------------------------------------------------------    -------------------

Slack:                    inf
  Source:                 u_stuffer/stuff_pending_reg/C
                            (rising edge-triggered cell FDCE clocked by sys_clk_pin  {rise@0.000ns fall@5.000ns period=10.000ns})
  Destination:            led_stuff_pending
                            (output port)
  Path Group:             (none)
  Path Type:              Min at Fast Process Corner
  Data Path Delay:        1.822ns  (logic 1.392ns (76.415%)  route 0.430ns (23.585%))
  Logic Levels:           1  (OBUF=1)
  Clock Uncertainty:      0.025ns  ((TSJ^2 + TIJ^2)^1/2 + DJ) / 2 + PE
    Total System Jitter     (TSJ):    0.050ns
    Total Input Jitter      (TIJ):    0.000ns
    Discrete Jitter          (DJ):    0.000ns
    Phase Error              (PE):    0.000ns

    Location             Delay type                Incr(ns)  Path(ns)    Netlist Resource(s)
  -------------------------------------------------------------------    -------------------
                         (clock sys_clk_pin rise edge)
                                                      0.000     0.000 r  
    E3                                                0.000     0.000 r  clk (IN)
                         net (fo=0)                   0.000     0.000    clk
    E3                   IBUF (Prop_ibuf_I_O)         0.250     0.250 r  clk_IBUF_inst/O
                         net (fo=1, routed)           0.644     0.894    clk_IBUF
    BUFGCTRL_X0Y16       BUFG (Prop_bufg_I_O)         0.026     0.920 r  clk_IBUF_BUFG_inst/O
                         net (fo=109, routed)         0.602     1.521    u_stuffer/clk_IBUF_BUFG
    SLICE_X1Y88          FDCE                                         r  u_stuffer/stuff_pending_reg/C
  -------------------------------------------------------------------    -------------------
    SLICE_X1Y88          FDCE (Prop_fdce_C_Q)         0.141     1.662 r  u_stuffer/stuff_pending_reg/Q
                         net (fo=6, routed)           0.430     2.092    led_stuff_pending_OBUF
    N14                  OBUF (Prop_obuf_I_O)         1.251     3.343 r  led_stuff_pending_OBUF_inst/O
                         net (fo=0)                   0.000     3.343    led_stuff_pending
    N14                                                               r  led_stuff_pending (OUT)
  -------------------------------------------------------------------    -------------------

Slack:                    inf
  Source:                 u_stuffer/bit_out_reg_lopt_replica/C
                            (rising edge-triggered cell FDPE clocked by sys_clk_pin  {rise@0.000ns fall@5.000ns period=10.000ns})
  Destination:            led_bit_out
                            (output port)
  Path Group:             (none)
  Path Type:              Min at Fast Process Corner
  Data Path Delay:        1.876ns  (logic 1.377ns (73.406%)  route 0.499ns (26.594%))
  Logic Levels:           1  (OBUF=1)
  Clock Uncertainty:      0.025ns  ((TSJ^2 + TIJ^2)^1/2 + DJ) / 2 + PE
    Total System Jitter     (TSJ):    0.050ns
    Total Input Jitter      (TIJ):    0.000ns
    Discrete Jitter          (DJ):    0.000ns
    Phase Error              (PE):    0.000ns

    Location             Delay type                Incr(ns)  Path(ns)    Netlist Resource(s)
  -------------------------------------------------------------------    -------------------
                         (clock sys_clk_pin rise edge)
                                                      0.000     0.000 r  
    E3                                                0.000     0.000 r  clk (IN)
                         net (fo=0)                   0.000     0.000    clk
    E3                   IBUF (Prop_ibuf_I_O)         0.250     0.250 r  clk_IBUF_inst/O
                         net (fo=1, routed)           0.644     0.894    clk_IBUF
    BUFGCTRL_X0Y16       BUFG (Prop_bufg_I_O)         0.026     0.920 r  clk_IBUF_BUFG_inst/O
                         net (fo=109, routed)         0.602     1.521    u_stuffer/clk_IBUF_BUFG
    SLICE_X1Y89          FDPE                                         r  u_stuffer/bit_out_reg_lopt_replica/C
  -------------------------------------------------------------------    -------------------
    SLICE_X1Y89          FDPE (Prop_fdpe_C_Q)         0.141     1.662 r  u_stuffer/bit_out_reg_lopt_replica/Q
                         net (fo=1, routed)           0.499     2.161    lopt
    K15                  OBUF (Prop_obuf_I_O)         1.236     3.397 r  led_bit_out_OBUF_inst/O
                         net (fo=0)                   0.000     3.397    led_bit_out
    K15                                                               r  led_bit_out (OUT)
  -------------------------------------------------------------------    -------------------

Slack:                    inf
  Source:                 hb_cnt_reg[26]/C
                            (rising edge-triggered cell FDCE clocked by sys_clk_pin  {rise@0.000ns fall@5.000ns period=10.000ns})
  Destination:            led_heartbeat
                            (output port)
  Path Group:             (none)
  Path Type:              Min at Fast Process Corner
  Data Path Delay:        1.969ns  (logic 1.362ns (69.185%)  route 0.607ns (30.815%))
  Logic Levels:           1  (OBUF=1)
  Clock Uncertainty:      0.025ns  ((TSJ^2 + TIJ^2)^1/2 + DJ) / 2 + PE
    Total System Jitter     (TSJ):    0.050ns
    Total Input Jitter      (TIJ):    0.000ns
    Discrete Jitter          (DJ):    0.000ns
    Phase Error              (PE):    0.000ns

    Location             Delay type                Incr(ns)  Path(ns)    Netlist Resource(s)
  -------------------------------------------------------------------    -------------------
                         (clock sys_clk_pin rise edge)
                                                      0.000     0.000 r  
    E3                                                0.000     0.000 r  clk (IN)
                         net (fo=0)                   0.000     0.000    clk
    E3                   IBUF (Prop_ibuf_I_O)         0.250     0.250 r  clk_IBUF_inst/O
                         net (fo=1, routed)           0.644     0.894    clk_IBUF
    BUFGCTRL_X0Y16       BUFG (Prop_bufg_I_O)         0.026     0.920 r  clk_IBUF_BUFG_inst/O
                         net (fo=109, routed)         0.604     1.523    clk_IBUF_BUFG
    SLICE_X0Y95          FDCE                                         r  hb_cnt_reg[26]/C
  -------------------------------------------------------------------    -------------------
    SLICE_X0Y95          FDCE (Prop_fdce_C_Q)         0.141     1.664 r  hb_cnt_reg[26]/Q
                         net (fo=2, routed)           0.607     2.271    led_heartbeat_OBUF
    H17                  OBUF (Prop_obuf_I_O)         1.221     3.492 r  led_heartbeat_OBUF_inst/O
                         net (fo=0)                   0.000     3.492    led_heartbeat
    H17                                                               r  led_heartbeat (OUT)
  -------------------------------------------------------------------    -------------------

Slack:                    inf
  Source:                 u_stuffer/stuffing_reg/C
                            (rising edge-triggered cell FDCE clocked by sys_clk_pin  {rise@0.000ns fall@5.000ns period=10.000ns})
  Destination:            led_stuffing
                            (output port)
  Path Group:             (none)
  Path Type:              Min at Fast Process Corner
  Data Path Delay:        1.997ns  (logic 1.394ns (69.805%)  route 0.603ns (30.195%))
  Logic Levels:           1  (OBUF=1)
  Clock Uncertainty:      0.025ns  ((TSJ^2 + TIJ^2)^1/2 + DJ) / 2 + PE
    Total System Jitter     (TSJ):    0.050ns
    Total Input Jitter      (TIJ):    0.000ns
    Discrete Jitter          (DJ):    0.000ns
    Phase Error              (PE):    0.000ns

    Location             Delay type                Incr(ns)  Path(ns)    Netlist Resource(s)
  -------------------------------------------------------------------    -------------------
                         (clock sys_clk_pin rise edge)
                                                      0.000     0.000 r  
    E3                                                0.000     0.000 r  clk (IN)
                         net (fo=0)                   0.000     0.000    clk
    E3                   IBUF (Prop_ibuf_I_O)         0.250     0.250 r  clk_IBUF_inst/O
                         net (fo=1, routed)           0.644     0.894    clk_IBUF
    BUFGCTRL_X0Y16       BUFG (Prop_bufg_I_O)         0.026     0.920 r  clk_IBUF_BUFG_inst/O
                         net (fo=109, routed)         0.602     1.521    u_stuffer/clk_IBUF_BUFG
    SLICE_X1Y89          FDCE                                         r  u_stuffer/stuffing_reg/C
  -------------------------------------------------------------------    -------------------
    SLICE_X1Y89          FDCE (Prop_fdce_C_Q)         0.141     1.662 r  u_stuffer/stuffing_reg/Q
                         net (fo=1, routed)           0.603     2.265    led_stuffing_OBUF
    J13                  OBUF (Prop_obuf_I_O)         1.253     3.519 r  led_stuffing_OBUF_inst/O
                         net (fo=0)                   0.000     3.519    led_stuffing
    J13                                                               r  led_stuffing (OUT)
  -------------------------------------------------------------------    -------------------

Slack:                    inf
  Source:                 err_r_reg/C
                            (rising edge-triggered cell FDCE clocked by sys_clk_pin  {rise@0.000ns fall@5.000ns period=10.000ns})
  Destination:            led_error
                            (output port)
  Path Group:             (none)
  Path Type:              Min at Fast Process Corner
  Data Path Delay:        2.023ns  (logic 1.420ns (70.174%)  route 0.603ns (29.826%))
  Logic Levels:           1  (OBUF=1)
  Clock Uncertainty:      0.025ns  ((TSJ^2 + TIJ^2)^1/2 + DJ) / 2 + PE
    Total System Jitter     (TSJ):    0.050ns
    Total Input Jitter      (TIJ):    0.000ns
    Discrete Jitter          (DJ):    0.000ns
    Phase Error              (PE):    0.000ns

    Location             Delay type                Incr(ns)  Path(ns)    Netlist Resource(s)
  -------------------------------------------------------------------    -------------------
                         (clock sys_clk_pin rise edge)
                                                      0.000     0.000 r  
    E3                                                0.000     0.000 r  clk (IN)
                         net (fo=0)                   0.000     0.000    clk
    E3                   IBUF (Prop_ibuf_I_O)         0.250     0.250 r  clk_IBUF_inst/O
                         net (fo=1, routed)           0.644     0.894    clk_IBUF
    BUFGCTRL_X0Y16       BUFG (Prop_bufg_I_O)         0.026     0.920 r  clk_IBUF_BUFG_inst/O
                         net (fo=109, routed)         0.600     1.519    clk_IBUF_BUFG
    SLICE_X2Y84          FDCE                                         r  err_r_reg/C
  -------------------------------------------------------------------    -------------------
    SLICE_X2Y84          FDCE (Prop_fdce_C_Q)         0.164     1.683 r  err_r_reg/Q
                         net (fo=1, routed)           0.603     2.287    led_error_OBUF
    U17                  OBUF (Prop_obuf_I_O)         1.256     3.542 r  led_error_OBUF_inst/O
                         net (fo=0)                   0.000     3.542    led_error
    U17                                                               r  led_error (OUT)
  -------------------------------------------------------------------    -------------------

Slack:                    inf
  Source:                 pass_r_reg/C
                            (rising edge-triggered cell FDCE clocked by sys_clk_pin  {rise@0.000ns fall@5.000ns period=10.000ns})
  Destination:            led_pass
                            (output port)
  Path Group:             (none)
  Path Type:              Min at Fast Process Corner
  Data Path Delay:        2.166ns  (logic 1.453ns (67.099%)  route 0.713ns (32.901%))
  Logic Levels:           1  (OBUF=1)
  Clock Uncertainty:      0.025ns  ((TSJ^2 + TIJ^2)^1/2 + DJ) / 2 + PE
    Total System Jitter     (TSJ):    0.050ns
    Total Input Jitter      (TIJ):    0.000ns
    Discrete Jitter          (DJ):    0.000ns
    Phase Error              (PE):    0.000ns

    Location             Delay type                Incr(ns)  Path(ns)    Netlist Resource(s)
  -------------------------------------------------------------------    -------------------
                         (clock sys_clk_pin rise edge)
                                                      0.000     0.000 r  
    E3                                                0.000     0.000 r  clk (IN)
                         net (fo=0)                   0.000     0.000    clk
    E3                   IBUF (Prop_ibuf_I_O)         0.250     0.250 r  clk_IBUF_inst/O
                         net (fo=1, routed)           0.644     0.894    clk_IBUF
    BUFGCTRL_X0Y16       BUFG (Prop_bufg_I_O)         0.026     0.920 r  clk_IBUF_BUFG_inst/O
                         net (fo=109, routed)         0.600     1.519    clk_IBUF_BUFG
    SLICE_X2Y85          FDCE                                         r  pass_r_reg/C
  -------------------------------------------------------------------    -------------------
    SLICE_X2Y85          FDCE (Prop_fdce_C_Q)         0.148     1.667 r  pass_r_reg/Q
                         net (fo=1, routed)           0.713     2.380    led_pass_OBUF
    V17                  OBUF (Prop_obuf_I_O)         1.305     3.686 r  led_pass_OBUF_inst/O
                         net (fo=0)                   0.000     3.686    led_pass
    V17                                                               r  led_pass (OUT)
  -------------------------------------------------------------------    -------------------





--------------------------------------------------------------------------------------
Path Group:  (none)
From Clock:  
  To Clock:  sys_clk_pin

Max Delay           138 Endpoints
Min Delay           138 Endpoints
--------------------------------------------------------------------------------------


Max Delay Paths
--------------------------------------------------------------------------------------
Slack:                    inf
  Source:                 mode_sw
                            (input port)
  Destination:            u_stuffer/last_bit_reg/D
                            (rising edge-triggered cell FDPE clocked by sys_clk_pin  {rise@0.000ns fall@5.000ns period=10.000ns})
  Path Group:             (none)
  Path Type:              Setup (Max at Slow Process Corner)
  Data Path Delay:        5.440ns  (logic 2.086ns (38.334%)  route 3.355ns (61.666%))
  Logic Levels:           4  (IBUF=1 LUT4=1 LUT5=1 LUT6=1)
  Clock Path Skew:        5.026ns (DCD - SCD + CPR)
    Destination Clock Delay (DCD):    5.026ns
    Source Clock Delay      (SCD):    0.000ns
    Clock Pessimism Removal (CPR):    0.000ns
  Clock Uncertainty:      0.025ns  ((TSJ^2 + TIJ^2)^1/2 + DJ) / 2 + PE
    Total System Jitter     (TSJ):    0.050ns
    Total Input Jitter      (TIJ):    0.000ns
    Discrete Jitter          (DJ):    0.000ns
    Phase Error              (PE):    0.000ns

    Location             Delay type                Incr(ns)  Path(ns)    Netlist Resource(s)
  -------------------------------------------------------------------    -------------------
    J15                                               0.000     0.000 f  mode_sw (IN)
                         net (fo=0)                   0.000     0.000    mode_sw
    J15                  IBUF (Prop_ibuf_I_O)         1.478     1.478 f  mode_sw_IBUF_inst/O
                         net (fo=9, routed)           1.341     2.818    u_stuffer/mode_sw_IBUF
    SLICE_X2Y89          LUT6 (Prop_lut6_I4_O)        0.124     2.942 r  u_stuffer/bit_out_i_2/O
                         net (fo=3, routed)           0.810     3.753    u_stuffer/bit_out_i_2_n_0
    SLICE_X1Y89          LUT5 (Prop_lut5_I2_O)        0.152     3.905 r  u_stuffer/bit_out_i_1/O
                         net (fo=3, routed)           0.685     4.589    u_stuffer/p_0_in
    SLICE_X1Y89          LUT4 (Prop_lut4_I3_O)        0.332     4.921 r  u_stuffer/last_bit_i_1/O
                         net (fo=1, routed)           0.519     5.440    u_stuffer/last_bit_i_1_n_0
    SLICE_X1Y89          FDPE                                         r  u_stuffer/last_bit_reg/D
  -------------------------------------------------------------------    -------------------

                         (clock sys_clk_pin rise edge)
                                                      0.000     0.000 r  
    E3                                                0.000     0.000 r  clk (IN)
                         net (fo=0)                   0.000     0.000    clk
    E3                   IBUF (Prop_ibuf_I_O)         1.411     1.411 r  clk_IBUF_inst/O
                         net (fo=1, routed)           1.920     3.331    clk_IBUF
    BUFGCTRL_X0Y16       BUFG (Prop_bufg_I_O)         0.091     3.422 r  clk_IBUF_BUFG_inst/O
                         net (fo=109, routed)         1.603     5.026    u_stuffer/clk_IBUF_BUFG
    SLICE_X1Y89          FDPE                                         r  u_stuffer/last_bit_reg/C

Slack:                    inf
  Source:                 mode_sw
                            (input port)
  Destination:            u_stuffer/same_count_reg[2]/D
                            (rising edge-triggered cell FDCE clocked by sys_clk_pin  {rise@0.000ns fall@5.000ns period=10.000ns})
  Path Group:             (none)
  Path Type:              Setup (Max at Slow Process Corner)
  Data Path Delay:        4.802ns  (logic 1.876ns (39.056%)  route 2.927ns (60.944%))
  Logic Levels:           4  (IBUF=1 LUT4=1 LUT5=1 LUT6=1)
  Clock Path Skew:        5.024ns (DCD - SCD + CPR)
    Destination Clock Delay (DCD):    5.024ns
    Source Clock Delay      (SCD):    0.000ns
    Clock Pessimism Removal (CPR):    0.000ns
  Clock Uncertainty:      0.025ns  ((TSJ^2 + TIJ^2)^1/2 + DJ) / 2 + PE
    Total System Jitter     (TSJ):    0.050ns
    Total Input Jitter      (TIJ):    0.000ns
    Discrete Jitter          (DJ):    0.000ns
    Phase Error              (PE):    0.000ns

    Location             Delay type                Incr(ns)  Path(ns)    Netlist Resource(s)
  -------------------------------------------------------------------    -------------------
    J15                                               0.000     0.000 f  mode_sw (IN)
                         net (fo=0)                   0.000     0.000    mode_sw
    J15                  IBUF (Prop_ibuf_I_O)         1.478     1.478 f  mode_sw_IBUF_inst/O
                         net (fo=9, routed)           1.341     2.818    u_stuffer/mode_sw_IBUF
    SLICE_X2Y89          LUT6 (Prop_lut6_I4_O)        0.124     2.942 r  u_stuffer/bit_out_i_2/O
                         net (fo=3, routed)           0.810     3.753    u_stuffer/bit_out_i_2_n_0
    SLICE_X1Y89          LUT5 (Prop_lut5_I1_O)        0.124     3.877 f  u_stuffer/same_count[2]_i_3/O
                         net (fo=3, routed)           0.776     4.652    u_stuffer/same_count[2]_i_3_n_0
    SLICE_X1Y87          LUT4 (Prop_lut4_I3_O)        0.150     4.802 r  u_stuffer/same_count[2]_i_2/O
                         net (fo=1, routed)           0.000     4.802    u_stuffer/same_count[2]_i_2_n_0
    SLICE_X1Y87          FDCE                                         r  u_stuffer/same_count_reg[2]/D
  -------------------------------------------------------------------    -------------------

                         (clock sys_clk_pin rise edge)
                                                      0.000     0.000 r  
    E3                                                0.000     0.000 r  clk (IN)
                         net (fo=0)                   0.000     0.000    clk
    E3                   IBUF (Prop_ibuf_I_O)         1.411     1.411 r  clk_IBUF_inst/O
                         net (fo=1, routed)           1.920     3.331    clk_IBUF
    BUFGCTRL_X0Y16       BUFG (Prop_bufg_I_O)         0.091     3.422 r  clk_IBUF_BUFG_inst/O
                         net (fo=109, routed)         1.601     5.024    u_stuffer/clk_IBUF_BUFG
    SLICE_X1Y87          FDCE                                         r  u_stuffer/same_count_reg[2]/C

Slack:                    inf
  Source:                 mode_sw
                            (input port)
  Destination:            u_stuffer/same_count_reg[1]/D
                            (rising edge-triggered cell FDCE clocked by sys_clk_pin  {rise@0.000ns fall@5.000ns period=10.000ns})
  Path Group:             (none)
  Path Type:              Setup (Max at Slow Process Corner)
  Data Path Delay:        4.776ns  (logic 1.850ns (38.724%)  route 2.927ns (61.276%))
  Logic Levels:           4  (IBUF=1 LUT3=1 LUT5=1 LUT6=1)
  Clock Path Skew:        5.024ns (DCD - SCD + CPR)
    Destination Clock Delay (DCD):    5.024ns
    Source Clock Delay      (SCD):    0.000ns
    Clock Pessimism Removal (CPR):    0.000ns
  Clock Uncertainty:      0.025ns  ((TSJ^2 + TIJ^2)^1/2 + DJ) / 2 + PE
    Total System Jitter     (TSJ):    0.050ns
    Total Input Jitter      (TIJ):    0.000ns
    Discrete Jitter          (DJ):    0.000ns
    Phase Error              (PE):    0.000ns

    Location             Delay type                Incr(ns)  Path(ns)    Netlist Resource(s)
  -------------------------------------------------------------------    -------------------
    J15                                               0.000     0.000 f  mode_sw (IN)
                         net (fo=0)                   0.000     0.000    mode_sw
    J15                  IBUF (Prop_ibuf_I_O)         1.478     1.478 f  mode_sw_IBUF_inst/O
                         net (fo=9, routed)           1.341     2.818    u_stuffer/mode_sw_IBUF
    SLICE_X2Y89          LUT6 (Prop_lut6_I4_O)        0.124     2.942 r  u_stuffer/bit_out_i_2/O
                         net (fo=3, routed)           0.810     3.753    u_stuffer/bit_out_i_2_n_0
    SLICE_X1Y89          LUT5 (Prop_lut5_I1_O)        0.124     3.877 f  u_stuffer/same_count[2]_i_3/O
                         net (fo=3, routed)           0.776     4.652    u_stuffer/same_count[2]_i_3_n_0
    SLICE_X1Y87          LUT3 (Prop_lut3_I2_O)        0.124     4.776 r  u_stuffer/same_count[1]_i_1/O
                         net (fo=1, routed)           0.000     4.776    u_stuffer/same_count[1]_i_1_n_0
    SLICE_X1Y87          FDCE                                         r  u_stuffer/same_count_reg[1]/D
  -------------------------------------------------------------------    -------------------

                         (clock sys_clk_pin rise edge)
                                                      0.000     0.000 r  
    E3                                                0.000     0.000 r  clk (IN)
                         net (fo=0)                   0.000     0.000    clk
    E3                   IBUF (Prop_ibuf_I_O)         1.411     1.411 r  clk_IBUF_inst/O
                         net (fo=1, routed)           1.920     3.331    clk_IBUF
    BUFGCTRL_X0Y16       BUFG (Prop_bufg_I_O)         0.091     3.422 r  clk_IBUF_BUFG_inst/O
                         net (fo=109, routed)         1.601     5.024    u_stuffer/clk_IBUF_BUFG
    SLICE_X1Y87          FDCE                                         r  u_stuffer/same_count_reg[1]/C

Slack:                    inf
  Source:                 mode_sw
                            (input port)
  Destination:            u_stuffer/same_count_reg[0]/D
                            (rising edge-triggered cell FDCE clocked by sys_clk_pin  {rise@0.000ns fall@5.000ns period=10.000ns})
  Path Group:             (none)
  Path Type:              Setup (Max at Slow Process Corner)
  Data Path Delay:        4.585ns  (logic 1.850ns (40.341%)  route 2.735ns (59.659%))
  Logic Levels:           4  (IBUF=1 LUT2=1 LUT5=1 LUT6=1)
  Clock Path Skew:        5.024ns (DCD - SCD + CPR)
    Destination Clock Delay (DCD):    5.024ns
    Source Clock Delay      (SCD):    0.000ns
    Clock Pessimism Removal (CPR):    0.000ns
  Clock Uncertainty:      0.025ns  ((TSJ^2 + TIJ^2)^1/2 + DJ) / 2 + PE
    Total System Jitter     (TSJ):    0.050ns
    Total Input Jitter      (TIJ):    0.000ns
    Discrete Jitter          (DJ):    0.000ns
    Phase Error              (PE):    0.000ns

    Location             Delay type                Incr(ns)  Path(ns)    Netlist Resource(s)
  -------------------------------------------------------------------    -------------------
    J15                                               0.000     0.000 f  mode_sw (IN)
                         net (fo=0)                   0.000     0.000    mode_sw
    J15                  IBUF (Prop_ibuf_I_O)         1.478     1.478 f  mode_sw_IBUF_inst/O
                         net (fo=9, routed)           1.341     2.818    u_stuffer/mode_sw_IBUF
    SLICE_X2Y89          LUT6 (Prop_lut6_I4_O)        0.124     2.942 r  u_stuffer/bit_out_i_2/O
                         net (fo=3, routed)           0.810     3.753    u_stuffer/bit_out_i_2_n_0
    SLICE_X1Y89          LUT5 (Prop_lut5_I1_O)        0.124     3.877 r  u_stuffer/same_count[2]_i_3/O
                         net (fo=3, routed)           0.584     4.461    u_stuffer/same_count[2]_i_3_n_0
    SLICE_X1Y87          LUT2 (Prop_lut2_I0_O)        0.124     4.585 r  u_stuffer/same_count[0]_i_1/O
                         net (fo=1, routed)           0.000     4.585    u_stuffer/same_count[0]_i_1_n_0
    SLICE_X1Y87          FDCE                                         r  u_stuffer/same_count_reg[0]/D
  -------------------------------------------------------------------    -------------------

                         (clock sys_clk_pin rise edge)
                                                      0.000     0.000 r  
    E3                                                0.000     0.000 r  clk (IN)
                         net (fo=0)                   0.000     0.000    clk
    E3                   IBUF (Prop_ibuf_I_O)         1.411     1.411 r  clk_IBUF_inst/O
                         net (fo=1, routed)           1.920     3.331    clk_IBUF
    BUFGCTRL_X0Y16       BUFG (Prop_bufg_I_O)         0.091     3.422 r  clk_IBUF_BUFG_inst/O
                         net (fo=109, routed)         1.601     5.024    u_stuffer/clk_IBUF_BUFG
    SLICE_X1Y87          FDCE                                         r  u_stuffer/same_count_reg[0]/C

Slack:                    inf
  Source:                 mode_sw
                            (input port)
  Destination:            u_stuffer/bit_out_reg/D
                            (rising edge-triggered cell FDPE clocked by sys_clk_pin  {rise@0.000ns fall@5.000ns period=10.000ns})
  Path Group:             (none)
  Path Type:              Setup (Max at Slow Process Corner)
  Data Path Delay:        4.563ns  (logic 1.754ns (38.432%)  route 2.809ns (61.568%))
  Logic Levels:           3  (IBUF=1 LUT5=1 LUT6=1)
  Clock Path Skew:        5.026ns (DCD - SCD + CPR)
    Destination Clock Delay (DCD):    5.026ns
    Source Clock Delay      (SCD):    0.000ns
    Clock Pessimism Removal (CPR):    0.000ns
  Clock Uncertainty:      0.025ns  ((TSJ^2 + TIJ^2)^1/2 + DJ) / 2 + PE
    Total System Jitter     (TSJ):    0.050ns
    Total Input Jitter      (TIJ):    0.000ns
    Discrete Jitter          (DJ):    0.000ns
    Phase Error              (PE):    0.000ns

    Location             Delay type                Incr(ns)  Path(ns)    Netlist Resource(s)
  -------------------------------------------------------------------    -------------------
    J15                                               0.000     0.000 f  mode_sw (IN)
                         net (fo=0)                   0.000     0.000    mode_sw
    J15                  IBUF (Prop_ibuf_I_O)         1.478     1.478 f  mode_sw_IBUF_inst/O
                         net (fo=9, routed)           1.341     2.818    u_stuffer/mode_sw_IBUF
    SLICE_X2Y89          LUT6 (Prop_lut6_I4_O)        0.124     2.942 r  u_stuffer/bit_out_i_2/O
                         net (fo=3, routed)           0.810     3.753    u_stuffer/bit_out_i_2_n_0
    SLICE_X1Y89          LUT5 (Prop_lut5_I2_O)        0.152     3.905 r  u_stuffer/bit_out_i_1/O
                         net (fo=3, routed)           0.658     4.563    u_stuffer/p_0_in
    SLICE_X1Y89          FDPE                                         r  u_stuffer/bit_out_reg/D
  -------------------------------------------------------------------    -------------------

                         (clock sys_clk_pin rise edge)
                                                      0.000     0.000 r  
    E3                                                0.000     0.000 r  clk (IN)
                         net (fo=0)                   0.000     0.000    clk
    E3                   IBUF (Prop_ibuf_I_O)         1.411     1.411 r  clk_IBUF_inst/O
                         net (fo=1, routed)           1.920     3.331    clk_IBUF
    BUFGCTRL_X0Y16       BUFG (Prop_bufg_I_O)         0.091     3.422 r  clk_IBUF_BUFG_inst/O
                         net (fo=109, routed)         1.603     5.026    u_stuffer/clk_IBUF_BUFG
    SLICE_X1Y89          FDPE                                         r  u_stuffer/bit_out_reg/C

Slack:                    inf
  Source:                 rst_btn_raw
                            (input port)
  Destination:            hb_cnt_reg[24]/CLR
                            (recovery check against rising-edge clock sys_clk_pin  {rise@0.000ns fall@5.000ns period=10.000ns})
  Path Group:             (none)
  Path Type:              Recovery (Max at Slow Process Corner)
  Data Path Delay:        4.539ns  (logic 1.477ns (32.529%)  route 3.063ns (67.471%))
  Logic Levels:           1  (IBUF=1)
  Clock Path Skew:        5.028ns (DCD - SCD + CPR)
    Destination Clock Delay (DCD):    5.028ns
    Source Clock Delay      (SCD):    0.000ns
    Clock Pessimism Removal (CPR):    0.000ns
  Clock Uncertainty:      0.025ns  ((TSJ^2 + TIJ^2)^1/2 + DJ) / 2 + PE
    Total System Jitter     (TSJ):    0.050ns
    Total Input Jitter      (TIJ):    0.000ns
    Discrete Jitter          (DJ):    0.000ns
    Phase Error              (PE):    0.000ns

    Location             Delay type                Incr(ns)  Path(ns)    Netlist Resource(s)
  -------------------------------------------------------------------    -------------------
    N17                                               0.000     0.000 f  rst_btn_raw (IN)
                         net (fo=0)                   0.000     0.000    rst_btn_raw
    N17                  IBUF (Prop_ibuf_I_O)         1.477     1.477 f  rst_btn_raw_IBUF_inst/O
                         net (fo=109, routed)         3.063     4.539    rst_btn_raw_IBUF
    SLICE_X0Y95          FDCE                                         f  hb_cnt_reg[24]/CLR
  -------------------------------------------------------------------    -------------------

                         (clock sys_clk_pin rise edge)
                                                      0.000     0.000 r  
    E3                                                0.000     0.000 r  clk (IN)
                         net (fo=0)                   0.000     0.000    clk
    E3                   IBUF (Prop_ibuf_I_O)         1.411     1.411 r  clk_IBUF_inst/O
                         net (fo=1, routed)           1.920     3.331    clk_IBUF
    BUFGCTRL_X0Y16       BUFG (Prop_bufg_I_O)         0.091     3.422 r  clk_IBUF_BUFG_inst/O
                         net (fo=109, routed)         1.605     5.028    clk_IBUF_BUFG
    SLICE_X0Y95          FDCE                                         r  hb_cnt_reg[24]/C

Slack:                    inf
  Source:                 rst_btn_raw
                            (input port)
  Destination:            hb_cnt_reg[25]/CLR
                            (recovery check against rising-edge clock sys_clk_pin  {rise@0.000ns fall@5.000ns period=10.000ns})
  Path Group:             (none)
  Path Type:              Recovery (Max at Slow Process Corner)
  Data Path Delay:        4.539ns  (logic 1.477ns (32.529%)  route 3.063ns (67.471%))
  Logic Levels:           1  (IBUF=1)
  Clock Path Skew:        5.028ns (DCD - SCD + CPR)
    Destination Clock Delay (DCD):    5.028ns
    Source Clock Delay      (SCD):    0.000ns
    Clock Pessimism Removal (CPR):    0.000ns
  Clock Uncertainty:      0.025ns  ((TSJ^2 + TIJ^2)^1/2 + DJ) / 2 + PE
    Total System Jitter     (TSJ):    0.050ns
    Total Input Jitter      (TIJ):    0.000ns
    Discrete Jitter          (DJ):    0.000ns
    Phase Error              (PE):    0.000ns

    Location             Delay type                Incr(ns)  Path(ns)    Netlist Resource(s)
  -------------------------------------------------------------------    -------------------
    N17                                               0.000     0.000 f  rst_btn_raw (IN)
                         net (fo=0)                   0.000     0.000    rst_btn_raw
    N17                  IBUF (Prop_ibuf_I_O)         1.477     1.477 f  rst_btn_raw_IBUF_inst/O
                         net (fo=109, routed)         3.063     4.539    rst_btn_raw_IBUF
    SLICE_X0Y95          FDCE                                         f  hb_cnt_reg[25]/CLR
  -------------------------------------------------------------------    -------------------

                         (clock sys_clk_pin rise edge)
                                                      0.000     0.000 r  
    E3                                                0.000     0.000 r  clk (IN)
                         net (fo=0)                   0.000     0.000    clk
    E3                   IBUF (Prop_ibuf_I_O)         1.411     1.411 r  clk_IBUF_inst/O
                         net (fo=1, routed)           1.920     3.331    clk_IBUF
    BUFGCTRL_X0Y16       BUFG (Prop_bufg_I_O)         0.091     3.422 r  clk_IBUF_BUFG_inst/O
                         net (fo=109, routed)         1.605     5.028    clk_IBUF_BUFG
    SLICE_X0Y95          FDCE                                         r  hb_cnt_reg[25]/C

Slack:                    inf
  Source:                 rst_btn_raw
                            (input port)
  Destination:            hb_cnt_reg[26]/CLR
                            (recovery check against rising-edge clock sys_clk_pin  {rise@0.000ns fall@5.000ns period=10.000ns})
  Path Group:             (none)
  Path Type:              Recovery (Max at Slow Process Corner)
  Data Path Delay:        4.539ns  (logic 1.477ns (32.529%)  route 3.063ns (67.471%))
  Logic Levels:           1  (IBUF=1)
  Clock Path Skew:        5.028ns (DCD - SCD + CPR)
    Destination Clock Delay (DCD):    5.028ns
    Source Clock Delay      (SCD):    0.000ns
    Clock Pessimism Removal (CPR):    0.000ns
  Clock Uncertainty:      0.025ns  ((TSJ^2 + TIJ^2)^1/2 + DJ) / 2 + PE
    Total System Jitter     (TSJ):    0.050ns
    Total Input Jitter      (TIJ):    0.000ns
    Discrete Jitter          (DJ):    0.000ns
    Phase Error              (PE):    0.000ns

    Location             Delay type                Incr(ns)  Path(ns)    Netlist Resource(s)
  -------------------------------------------------------------------    -------------------
    N17                                               0.000     0.000 f  rst_btn_raw (IN)
                         net (fo=0)                   0.000     0.000    rst_btn_raw
    N17                  IBUF (Prop_ibuf_I_O)         1.477     1.477 f  rst_btn_raw_IBUF_inst/O
                         net (fo=109, routed)         3.063     4.539    rst_btn_raw_IBUF
    SLICE_X0Y95          FDCE                                         f  hb_cnt_reg[26]/CLR
  -------------------------------------------------------------------    -------------------

                         (clock sys_clk_pin rise edge)
                                                      0.000     0.000 r  
    E3                                                0.000     0.000 r  clk (IN)
                         net (fo=0)                   0.000     0.000    clk
    E3                   IBUF (Prop_ibuf_I_O)         1.411     1.411 r  clk_IBUF_inst/O
                         net (fo=1, routed)           1.920     3.331    clk_IBUF
    BUFGCTRL_X0Y16       BUFG (Prop_bufg_I_O)         0.091     3.422 r  clk_IBUF_BUFG_inst/O
                         net (fo=109, routed)         1.605     5.028    clk_IBUF_BUFG
    SLICE_X0Y95          FDCE                                         r  hb_cnt_reg[26]/C

Slack:                    inf
  Source:                 rst_btn_raw
                            (input port)
  Destination:            hb_cnt_reg[20]/CLR
                            (recovery check against rising-edge clock sys_clk_pin  {rise@0.000ns fall@5.000ns period=10.000ns})
  Path Group:             (none)
  Path Type:              Recovery (Max at Slow Process Corner)
  Data Path Delay:        4.401ns  (logic 1.477ns (33.552%)  route 2.924ns (66.448%))
  Logic Levels:           1  (IBUF=1)
  Clock Path Skew:        5.028ns (DCD - SCD + CPR)
    Destination Clock Delay (DCD):    5.028ns
    Source Clock Delay      (SCD):    0.000ns
    Clock Pessimism Removal (CPR):    0.000ns
  Clock Uncertainty:      0.025ns  ((TSJ^2 + TIJ^2)^1/2 + DJ) / 2 + PE
    Total System Jitter     (TSJ):    0.050ns
    Total Input Jitter      (TIJ):    0.000ns
    Discrete Jitter          (DJ):    0.000ns
    Phase Error              (PE):    0.000ns

    Location             Delay type                Incr(ns)  Path(ns)    Netlist Resource(s)
  -------------------------------------------------------------------    -------------------
    N17                                               0.000     0.000 f  rst_btn_raw (IN)
                         net (fo=0)                   0.000     0.000    rst_btn_raw
    N17                  IBUF (Prop_ibuf_I_O)         1.477     1.477 f  rst_btn_raw_IBUF_inst/O
                         net (fo=109, routed)         2.924     4.401    rst_btn_raw_IBUF
    SLICE_X0Y94          FDCE                                         f  hb_cnt_reg[20]/CLR
  -------------------------------------------------------------------    -------------------

                         (clock sys_clk_pin rise edge)
                                                      0.000     0.000 r  
    E3                                                0.000     0.000 r  clk (IN)
                         net (fo=0)                   0.000     0.000    clk
    E3                   IBUF (Prop_ibuf_I_O)         1.411     1.411 r  clk_IBUF_inst/O
                         net (fo=1, routed)           1.920     3.331    clk_IBUF
    BUFGCTRL_X0Y16       BUFG (Prop_bufg_I_O)         0.091     3.422 r  clk_IBUF_BUFG_inst/O
                         net (fo=109, routed)         1.605     5.028    clk_IBUF_BUFG
    SLICE_X0Y94          FDCE                                         r  hb_cnt_reg[20]/C

Slack:                    inf
  Source:                 rst_btn_raw
                            (input port)
  Destination:            hb_cnt_reg[21]/CLR
                            (recovery check against rising-edge clock sys_clk_pin  {rise@0.000ns fall@5.000ns period=10.000ns})
  Path Group:             (none)
  Path Type:              Recovery (Max at Slow Process Corner)
  Data Path Delay:        4.401ns  (logic 1.477ns (33.552%)  route 2.924ns (66.448%))
  Logic Levels:           1  (IBUF=1)
  Clock Path Skew:        5.028ns (DCD - SCD + CPR)
    Destination Clock Delay (DCD):    5.028ns
    Source Clock Delay      (SCD):    0.000ns
    Clock Pessimism Removal (CPR):    0.000ns
  Clock Uncertainty:      0.025ns  ((TSJ^2 + TIJ^2)^1/2 + DJ) / 2 + PE
    Total System Jitter     (TSJ):    0.050ns
    Total Input Jitter      (TIJ):    0.000ns
    Discrete Jitter          (DJ):    0.000ns
    Phase Error              (PE):    0.000ns

    Location             Delay type                Incr(ns)  Path(ns)    Netlist Resource(s)
  -------------------------------------------------------------------    -------------------
    N17                                               0.000     0.000 f  rst_btn_raw (IN)
                         net (fo=0)                   0.000     0.000    rst_btn_raw
    N17                  IBUF (Prop_ibuf_I_O)         1.477     1.477 f  rst_btn_raw_IBUF_inst/O
                         net (fo=109, routed)         2.924     4.401    rst_btn_raw_IBUF
    SLICE_X0Y94          FDCE                                         f  hb_cnt_reg[21]/CLR
  -------------------------------------------------------------------    -------------------

                         (clock sys_clk_pin rise edge)
                                                      0.000     0.000 r  
    E3                                                0.000     0.000 r  clk (IN)
                         net (fo=0)                   0.000     0.000    clk
    E3                   IBUF (Prop_ibuf_I_O)         1.411     1.411 r  clk_IBUF_inst/O
                         net (fo=1, routed)           1.920     3.331    clk_IBUF
    BUFGCTRL_X0Y16       BUFG (Prop_bufg_I_O)         0.091     3.422 r  clk_IBUF_BUFG_inst/O
                         net (fo=109, routed)         1.605     5.028    clk_IBUF_BUFG
    SLICE_X0Y94          FDCE                                         r  hb_cnt_reg[21]/C





Min Delay Paths
--------------------------------------------------------------------------------------
Slack:                    inf
  Source:                 step_btn_raw
                            (input port)
  Destination:            step_sync0_reg/D
                            (rising edge-triggered cell FDCE clocked by sys_clk_pin  {rise@0.000ns fall@5.000ns period=10.000ns})
  Path Group:             (none)
  Path Type:              Hold (Min at Fast Process Corner)
  Data Path Delay:        0.602ns  (logic 0.254ns (42.152%)  route 0.348ns (57.848%))
  Logic Levels:           1  (IBUF=1)
  Clock Path Skew:        2.041ns (DCD - SCD - CPR)
    Destination Clock Delay (DCD):    2.041ns
    Source Clock Delay      (SCD):    0.000ns
    Clock Pessimism Removal (CPR):    -0.000ns

    Location             Delay type                Incr(ns)  Path(ns)    Netlist Resource(s)
  -------------------------------------------------------------------    -------------------
    M18                                               0.000     0.000 r  step_btn_raw (IN)
                         net (fo=0)                   0.000     0.000    step_btn_raw
    M18                  IBUF (Prop_ibuf_I_O)         0.254     0.254 r  step_btn_raw_IBUF_inst/O
                         net (fo=1, routed)           0.348     0.602    step_btn_raw_IBUF
    SLICE_X1Y90          FDCE                                         r  step_sync0_reg/D
  -------------------------------------------------------------------    -------------------

                         (clock sys_clk_pin rise edge)
                                                      0.000     0.000 r  
    E3                                                0.000     0.000 r  clk (IN)
                         net (fo=0)                   0.000     0.000    clk
    E3                   IBUF (Prop_ibuf_I_O)         0.438     0.438 r  clk_IBUF_inst/O
                         net (fo=1, routed)           0.699     1.136    clk_IBUF
    BUFGCTRL_X0Y16       BUFG (Prop_bufg_I_O)         0.029     1.165 r  clk_IBUF_BUFG_inst/O
                         net (fo=109, routed)         0.876     2.041    clk_IBUF_BUFG
    SLICE_X1Y90          FDCE                                         r  step_sync0_reg/C

Slack:                    inf
  Source:                 rst_btn_raw
                            (input port)
  Destination:            tick_cnt_reg[11]/CLR
                            (removal check against rising-edge clock sys_clk_pin  {rise@0.000ns fall@5.000ns period=10.000ns})
  Path Group:             (none)
  Path Type:              Removal (Min at Fast Process Corner)
  Data Path Delay:        0.634ns  (logic 0.244ns (38.557%)  route 0.390ns (61.443%))
  Logic Levels:           1  (IBUF=1)
  Clock Path Skew:        2.034ns (DCD - SCD - CPR)
    Destination Clock Delay (DCD):    2.034ns
    Source Clock Delay      (SCD):    0.000ns
    Clock Pessimism Removal (CPR):    -0.000ns

    Location             Delay type                Incr(ns)  Path(ns)    Netlist Resource(s)
  -------------------------------------------------------------------    -------------------
    N17                                               0.000     0.000 f  rst_btn_raw (IN)
                         net (fo=0)                   0.000     0.000    rst_btn_raw
    N17                  IBUF (Prop_ibuf_I_O)         0.244     0.244 f  rst_btn_raw_IBUF_inst/O
                         net (fo=109, routed)         0.390     0.634    rst_btn_raw_IBUF
    SLICE_X0Y82          FDCE                                         f  tick_cnt_reg[11]/CLR
  -------------------------------------------------------------------    -------------------

                         (clock sys_clk_pin rise edge)
                                                      0.000     0.000 r  
    E3                                                0.000     0.000 r  clk (IN)
                         net (fo=0)                   0.000     0.000    clk
    E3                   IBUF (Prop_ibuf_I_O)         0.438     0.438 r  clk_IBUF_inst/O
                         net (fo=1, routed)           0.699     1.136    clk_IBUF
    BUFGCTRL_X0Y16       BUFG (Prop_bufg_I_O)         0.029     1.165 r  clk_IBUF_BUFG_inst/O
                         net (fo=109, routed)         0.869     2.034    clk_IBUF_BUFG
    SLICE_X0Y82          FDCE                                         r  tick_cnt_reg[11]/C

Slack:                    inf
  Source:                 rst_btn_raw
                            (input port)
  Destination:            tick_cnt_reg[12]/CLR
                            (removal check against rising-edge clock sys_clk_pin  {rise@0.000ns fall@5.000ns period=10.000ns})
  Path Group:             (none)
  Path Type:              Removal (Min at Fast Process Corner)
  Data Path Delay:        0.634ns  (logic 0.244ns (38.557%)  route 0.390ns (61.443%))
  Logic Levels:           1  (IBUF=1)
  Clock Path Skew:        2.034ns (DCD - SCD - CPR)
    Destination Clock Delay (DCD):    2.034ns
    Source Clock Delay      (SCD):    0.000ns
    Clock Pessimism Removal (CPR):    -0.000ns

    Location             Delay type                Incr(ns)  Path(ns)    Netlist Resource(s)
  -------------------------------------------------------------------    -------------------
    N17                                               0.000     0.000 f  rst_btn_raw (IN)
                         net (fo=0)                   0.000     0.000    rst_btn_raw
    N17                  IBUF (Prop_ibuf_I_O)         0.244     0.244 f  rst_btn_raw_IBUF_inst/O
                         net (fo=109, routed)         0.390     0.634    rst_btn_raw_IBUF
    SLICE_X0Y82          FDCE                                         f  tick_cnt_reg[12]/CLR
  -------------------------------------------------------------------    -------------------

                         (clock sys_clk_pin rise edge)
                                                      0.000     0.000 r  
    E3                                                0.000     0.000 r  clk (IN)
                         net (fo=0)                   0.000     0.000    clk
    E3                   IBUF (Prop_ibuf_I_O)         0.438     0.438 r  clk_IBUF_inst/O
                         net (fo=1, routed)           0.699     1.136    clk_IBUF
    BUFGCTRL_X0Y16       BUFG (Prop_bufg_I_O)         0.029     1.165 r  clk_IBUF_BUFG_inst/O
                         net (fo=109, routed)         0.869     2.034    clk_IBUF_BUFG
    SLICE_X0Y82          FDCE                                         r  tick_cnt_reg[12]/C

Slack:                    inf
  Source:                 rst_btn_raw
                            (input port)
  Destination:            tick_cnt_reg[1]/CLR
                            (removal check against rising-edge clock sys_clk_pin  {rise@0.000ns fall@5.000ns period=10.000ns})
  Path Group:             (none)
  Path Type:              Removal (Min at Fast Process Corner)
  Data Path Delay:        0.674ns  (logic 0.244ns (36.278%)  route 0.429ns (63.722%))
  Logic Levels:           1  (IBUF=1)
  Clock Path Skew:        2.033ns (DCD - SCD - CPR)
    Destination Clock Delay (DCD):    2.033ns
    Source Clock Delay      (SCD):    0.000ns
    Clock Pessimism Removal (CPR):    -0.000ns

    Location             Delay type                Incr(ns)  Path(ns)    Netlist Resource(s)
  -------------------------------------------------------------------    -------------------
    N17                                               0.000     0.000 f  rst_btn_raw (IN)
                         net (fo=0)                   0.000     0.000    rst_btn_raw
    N17                  IBUF (Prop_ibuf_I_O)         0.244     0.244 f  rst_btn_raw_IBUF_inst/O
                         net (fo=109, routed)         0.429     0.674    rst_btn_raw_IBUF
    SLICE_X0Y81          FDCE                                         f  tick_cnt_reg[1]/CLR
  -------------------------------------------------------------------    -------------------

                         (clock sys_clk_pin rise edge)
                                                      0.000     0.000 r  
    E3                                                0.000     0.000 r  clk (IN)
                         net (fo=0)                   0.000     0.000    clk
    E3                   IBUF (Prop_ibuf_I_O)         0.438     0.438 r  clk_IBUF_inst/O
                         net (fo=1, routed)           0.699     1.136    clk_IBUF
    BUFGCTRL_X0Y16       BUFG (Prop_bufg_I_O)         0.029     1.165 r  clk_IBUF_BUFG_inst/O
                         net (fo=109, routed)         0.868     2.033    clk_IBUF_BUFG
    SLICE_X0Y81          FDCE                                         r  tick_cnt_reg[1]/C

Slack:                    inf
  Source:                 rst_btn_raw
                            (input port)
  Destination:            tick_cnt_reg[6]/CLR
                            (removal check against rising-edge clock sys_clk_pin  {rise@0.000ns fall@5.000ns period=10.000ns})
  Path Group:             (none)
  Path Type:              Removal (Min at Fast Process Corner)
  Data Path Delay:        0.674ns  (logic 0.244ns (36.278%)  route 0.429ns (63.722%))
  Logic Levels:           1  (IBUF=1)
  Clock Path Skew:        2.033ns (DCD - SCD - CPR)
    Destination Clock Delay (DCD):    2.033ns
    Source Clock Delay      (SCD):    0.000ns
    Clock Pessimism Removal (CPR):    -0.000ns

    Location             Delay type                Incr(ns)  Path(ns)    Netlist Resource(s)
  -------------------------------------------------------------------    -------------------
    N17                                               0.000     0.000 f  rst_btn_raw (IN)
                         net (fo=0)                   0.000     0.000    rst_btn_raw
    N17                  IBUF (Prop_ibuf_I_O)         0.244     0.244 f  rst_btn_raw_IBUF_inst/O
                         net (fo=109, routed)         0.429     0.674    rst_btn_raw_IBUF
    SLICE_X0Y81          FDCE                                         f  tick_cnt_reg[6]/CLR
  -------------------------------------------------------------------    -------------------

                         (clock sys_clk_pin rise edge)
                                                      0.000     0.000 r  
    E3                                                0.000     0.000 r  clk (IN)
                         net (fo=0)                   0.000     0.000    clk
    E3                   IBUF (Prop_ibuf_I_O)         0.438     0.438 r  clk_IBUF_inst/O
                         net (fo=1, routed)           0.699     1.136    clk_IBUF
    BUFGCTRL_X0Y16       BUFG (Prop_bufg_I_O)         0.029     1.165 r  clk_IBUF_BUFG_inst/O
                         net (fo=109, routed)         0.868     2.033    clk_IBUF_BUFG
    SLICE_X0Y81          FDCE                                         r  tick_cnt_reg[6]/C

Slack:                    inf
  Source:                 rst_btn_raw
                            (input port)
  Destination:            tick_cnt_reg[7]/CLR
                            (removal check against rising-edge clock sys_clk_pin  {rise@0.000ns fall@5.000ns period=10.000ns})
  Path Group:             (none)
  Path Type:              Removal (Min at Fast Process Corner)
  Data Path Delay:        0.674ns  (logic 0.244ns (36.278%)  route 0.429ns (63.722%))
  Logic Levels:           1  (IBUF=1)
  Clock Path Skew:        2.033ns (DCD - SCD - CPR)
    Destination Clock Delay (DCD):    2.033ns
    Source Clock Delay      (SCD):    0.000ns
    Clock Pessimism Removal (CPR):    -0.000ns

    Location             Delay type                Incr(ns)  Path(ns)    Netlist Resource(s)
  -------------------------------------------------------------------    -------------------
    N17                                               0.000     0.000 f  rst_btn_raw (IN)
                         net (fo=0)                   0.000     0.000    rst_btn_raw
    N17                  IBUF (Prop_ibuf_I_O)         0.244     0.244 f  rst_btn_raw_IBUF_inst/O
                         net (fo=109, routed)         0.429     0.674    rst_btn_raw_IBUF
    SLICE_X0Y81          FDCE                                         f  tick_cnt_reg[7]/CLR
  -------------------------------------------------------------------    -------------------

                         (clock sys_clk_pin rise edge)
                                                      0.000     0.000 r  
    E3                                                0.000     0.000 r  clk (IN)
                         net (fo=0)                   0.000     0.000    clk
    E3                   IBUF (Prop_ibuf_I_O)         0.438     0.438 r  clk_IBUF_inst/O
                         net (fo=1, routed)           0.699     1.136    clk_IBUF
    BUFGCTRL_X0Y16       BUFG (Prop_bufg_I_O)         0.029     1.165 r  clk_IBUF_BUFG_inst/O
                         net (fo=109, routed)         0.868     2.033    clk_IBUF_BUFG
    SLICE_X0Y81          FDCE                                         r  tick_cnt_reg[7]/C

Slack:                    inf
  Source:                 rst_btn_raw
                            (input port)
  Destination:            tick_cnt_reg[8]/CLR
                            (removal check against rising-edge clock sys_clk_pin  {rise@0.000ns fall@5.000ns period=10.000ns})
  Path Group:             (none)
  Path Type:              Removal (Min at Fast Process Corner)
  Data Path Delay:        0.674ns  (logic 0.244ns (36.278%)  route 0.429ns (63.722%))
  Logic Levels:           1  (IBUF=1)
  Clock Path Skew:        2.033ns (DCD - SCD - CPR)
    Destination Clock Delay (DCD):    2.033ns
    Source Clock Delay      (SCD):    0.000ns
    Clock Pessimism Removal (CPR):    -0.000ns

    Location             Delay type                Incr(ns)  Path(ns)    Netlist Resource(s)
  -------------------------------------------------------------------    -------------------
    N17                                               0.000     0.000 f  rst_btn_raw (IN)
                         net (fo=0)                   0.000     0.000    rst_btn_raw
    N17                  IBUF (Prop_ibuf_I_O)         0.244     0.244 f  rst_btn_raw_IBUF_inst/O
                         net (fo=109, routed)         0.429     0.674    rst_btn_raw_IBUF
    SLICE_X0Y81          FDCE                                         f  tick_cnt_reg[8]/CLR
  -------------------------------------------------------------------    -------------------

                         (clock sys_clk_pin rise edge)
                                                      0.000     0.000 r  
    E3                                                0.000     0.000 r  clk (IN)
                         net (fo=0)                   0.000     0.000    clk
    E3                   IBUF (Prop_ibuf_I_O)         0.438     0.438 r  clk_IBUF_inst/O
                         net (fo=1, routed)           0.699     1.136    clk_IBUF
    BUFGCTRL_X0Y16       BUFG (Prop_bufg_I_O)         0.029     1.165 r  clk_IBUF_BUFG_inst/O
                         net (fo=109, routed)         0.868     2.033    clk_IBUF_BUFG
    SLICE_X0Y81          FDCE                                         r  tick_cnt_reg[8]/C

Slack:                    inf
  Source:                 rst_btn_raw
                            (input port)
  Destination:            tick_cnt_reg[9]/CLR
                            (removal check against rising-edge clock sys_clk_pin  {rise@0.000ns fall@5.000ns period=10.000ns})
  Path Group:             (none)
  Path Type:              Removal (Min at Fast Process Corner)
  Data Path Delay:        0.674ns  (logic 0.244ns (36.278%)  route 0.429ns (63.722%))
  Logic Levels:           1  (IBUF=1)
  Clock Path Skew:        2.033ns (DCD - SCD - CPR)
    Destination Clock Delay (DCD):    2.033ns
    Source Clock Delay      (SCD):    0.000ns
    Clock Pessimism Removal (CPR):    -0.000ns

    Location             Delay type                Incr(ns)  Path(ns)    Netlist Resource(s)
  -------------------------------------------------------------------    -------------------
    N17                                               0.000     0.000 f  rst_btn_raw (IN)
                         net (fo=0)                   0.000     0.000    rst_btn_raw
    N17                  IBUF (Prop_ibuf_I_O)         0.244     0.244 f  rst_btn_raw_IBUF_inst/O
                         net (fo=109, routed)         0.429     0.674    rst_btn_raw_IBUF
    SLICE_X0Y81          FDCE                                         f  tick_cnt_reg[9]/CLR
  -------------------------------------------------------------------    -------------------

                         (clock sys_clk_pin rise edge)
                                                      0.000     0.000 r  
    E3                                                0.000     0.000 r  clk (IN)
                         net (fo=0)                   0.000     0.000    clk
    E3                   IBUF (Prop_ibuf_I_O)         0.438     0.438 r  clk_IBUF_inst/O
                         net (fo=1, routed)           0.699     1.136    clk_IBUF
    BUFGCTRL_X0Y16       BUFG (Prop_bufg_I_O)         0.029     1.165 r  clk_IBUF_BUFG_inst/O
                         net (fo=109, routed)         0.868     2.033    clk_IBUF_BUFG
    SLICE_X0Y81          FDCE                                         r  tick_cnt_reg[9]/C

Slack:                    inf
  Source:                 rst_btn_raw
                            (input port)
  Destination:            tick_cnt_reg[14]/CLR
                            (removal check against rising-edge clock sys_clk_pin  {rise@0.000ns fall@5.000ns period=10.000ns})
  Path Group:             (none)
  Path Type:              Removal (Min at Fast Process Corner)
  Data Path Delay:        0.687ns  (logic 0.244ns (35.561%)  route 0.443ns (64.439%))
  Logic Levels:           1  (IBUF=1)
  Clock Path Skew:        2.035ns (DCD - SCD - CPR)
    Destination Clock Delay (DCD):    2.035ns
    Source Clock Delay      (SCD):    0.000ns
    Clock Pessimism Removal (CPR):    -0.000ns

    Location             Delay type                Incr(ns)  Path(ns)    Netlist Resource(s)
  -------------------------------------------------------------------    -------------------
    N17                                               0.000     0.000 f  rst_btn_raw (IN)
                         net (fo=0)                   0.000     0.000    rst_btn_raw
    N17                  IBUF (Prop_ibuf_I_O)         0.244     0.244 f  rst_btn_raw_IBUF_inst/O
                         net (fo=109, routed)         0.443     0.687    rst_btn_raw_IBUF
    SLICE_X0Y83          FDCE                                         f  tick_cnt_reg[14]/CLR
  -------------------------------------------------------------------    -------------------

                         (clock sys_clk_pin rise edge)
                                                      0.000     0.000 r  
    E3                                                0.000     0.000 r  clk (IN)
                         net (fo=0)                   0.000     0.000    clk
    E3                   IBUF (Prop_ibuf_I_O)         0.438     0.438 r  clk_IBUF_inst/O
                         net (fo=1, routed)           0.699     1.136    clk_IBUF
    BUFGCTRL_X0Y16       BUFG (Prop_bufg_I_O)         0.029     1.165 r  clk_IBUF_BUFG_inst/O
                         net (fo=109, routed)         0.870     2.035    clk_IBUF_BUFG
    SLICE_X0Y83          FDCE                                         r  tick_cnt_reg[14]/C

Slack:                    inf
  Source:                 rst_btn_raw
                            (input port)
  Destination:            tick_cnt_reg[15]/CLR
                            (removal check against rising-edge clock sys_clk_pin  {rise@0.000ns fall@5.000ns period=10.000ns})
  Path Group:             (none)
  Path Type:              Removal (Min at Fast Process Corner)
  Data Path Delay:        0.687ns  (logic 0.244ns (35.561%)  route 0.443ns (64.439%))
  Logic Levels:           1  (IBUF=1)
  Clock Path Skew:        2.035ns (DCD - SCD - CPR)
    Destination Clock Delay (DCD):    2.035ns
    Source Clock Delay      (SCD):    0.000ns
    Clock Pessimism Removal (CPR):    -0.000ns

    Location             Delay type                Incr(ns)  Path(ns)    Netlist Resource(s)
  -------------------------------------------------------------------    -------------------
    N17                                               0.000     0.000 f  rst_btn_raw (IN)
                         net (fo=0)                   0.000     0.000    rst_btn_raw
    N17                  IBUF (Prop_ibuf_I_O)         0.244     0.244 f  rst_btn_raw_IBUF_inst/O
                         net (fo=109, routed)         0.443     0.687    rst_btn_raw_IBUF
    SLICE_X0Y83          FDCE                                         f  tick_cnt_reg[15]/CLR
  -------------------------------------------------------------------    -------------------

                         (clock sys_clk_pin rise edge)
                                                      0.000     0.000 r  
    E3                                                0.000     0.000 r  clk (IN)
                         net (fo=0)                   0.000     0.000    clk
    E3                   IBUF (Prop_ibuf_I_O)         0.438     0.438 r  clk_IBUF_inst/O
                         net (fo=1, routed)           0.699     1.136    clk_IBUF
    BUFGCTRL_X0Y16       BUFG (Prop_bufg_I_O)         0.029     1.165 r  clk_IBUF_BUFG_inst/O
                         net (fo=109, routed)         0.870     2.035    clk_IBUF_BUFG
    SLICE_X0Y83          FDCE                                         r  tick_cnt_reg[15]/C





