Copyright 1986-2022 Xilinx, Inc. All Rights Reserved. Copyright 2022-2023 Advanced Micro Devices, Inc. All Rights Reserved.
---------------------------------------------------------------------------------------------------------------------------------------------------------------------------------------------------------------------------------------------
| Tool Version : Vivado v.2023.2 (win64) Build 4029153 Fri Oct 13 20:14:34 MDT 2023
| Date         : Sat Oct  3 16:42:23 2026
| Host         : LAPTOP-QFA7V704 running 64-bit major release  (build 9200)
| Command      : report_timing_summary -max_paths 10 -report_unconstrained -file can_crc_demo_top_timing_summary_routed.rpt -pb can_crc_demo_top_timing_summary_routed.pb -rpx can_crc_demo_top_timing_summary_routed.rpx -warn_on_violation
| Design       : can_crc_demo_top
| Device       : 7a100t-csg324
| Speed File   : -1  PRODUCTION 1.23 2018-06-13
| Design State : Routed
---------------------------------------------------------------------------------------------------------------------------------------------------------------------------------------------------------------------------------------------

Timing Summary Report

------------------------------------------------------------------------------------------------
| Timer Settings
| --------------
------------------------------------------------------------------------------------------------

  Enable Multi Corner Analysis               :  Yes
  Enable Pessimism Removal                   :  Yes
  Pessimism Removal Resolution               :  Nearest Common Node
  Enable Input Delay Default Clock           :  No
  Enable Preset / Clear Arcs                 :  No
  Disable Flight Delays                      :  No
  Ignore I/O Paths                           :  No
  Timing Early Launch at Borrowing Latches   :  No
  Borrow Time for Max Delay Exceptions       :  Yes
  Merge Timing Exceptions                    :  Yes
  Inter-SLR Compensation                     :  Conservative

  Corner  Analyze    Analyze    
  Name    Max Paths  Min Paths  
  ------  ---------  ---------  
  Slow    Yes        Yes        
  Fast    Yes        Yes        


------------------------------------------------------------------------------------------------
| Report Methodology
| ------------------
------------------------------------------------------------------------------------------------

Rule       Severity  Description                    Violations  
---------  --------  -----------------------------  ----------  
TIMING-18  Warning   Missing input or output delay  19          

Note: This report is based on the most recent report_methodology run and may not be up-to-date. Run report_methodology on the current design for the latest report.



check_timing report

Table of Contents
-----------------
1. checking no_clock (0)
2. checking constant_clock (0)
3. checking pulse_width_clock (0)
4. checking unconstrained_internal_endpoints (0)
5. checking no_input_delay (3)
6. checking no_output_delay (16)
7. checking multiple_clock (0)
8. checking generated_clocks (0)
9. checking loops (0)
10. checking partial_input_delay (0)
11. checking partial_output_delay (0)
12. checking latch_loops (0)

1. checking no_clock (0)
------------------------
 There are 0 register/latch pins with no clock.


2. checking constant_clock (0)
------------------------------
 There are 0 register/latch pins with constant_clock.


3. checking pulse_width_clock (0)
---------------------------------
 There are 0 register/latch pins which need pulse_width check


4. checking unconstrained_internal_endpoints (0)
------------------------------------------------
 There are 0 pins that are not constrained for maximum delay.

 There are 0 pins that are not constrained for maximum delay due to constant clock.


5. checking no_input_delay (3)
------------------------------
 There are 3 input ports with no input delay specified. (HIGH)

 There are 0 input ports with no input delay but user has a false path constraint.


6. checking no_output_delay (16)
--------------------------------
 There are 16 ports with no output delay specified. (HIGH)

 There are 0 ports with no output delay but user has a false path constraint

 There are 0 ports with no output delay but with a timing clock defined on it or propagating through it


7. checking multiple_clock (0)
------------------------------
 There are 0 register/latch pins with multiple clocks.


8. checking generated_clocks (0)
--------------------------------
 There are 0 generated clocks that are not connected to a clock source.


9. checking loops (0)
---------------------
 There are 0 combinational loops in the design.


10. checking partial_input_delay (0)
------------------------------------
 There are 0 input ports with partial input delay specified.


11. checking partial_output_delay (0)
-------------------------------------
 There are 0 ports with partial output delay specified.


12. checking latch_loops (0)
----------------------------
 There are 0 combinational latch loops in the design through latch input



------------------------------------------------------------------------------------------------
| Design Timing Summary
| ---------------------
------------------------------------------------------------------------------------------------

    WNS(ns)      TNS(ns)  TNS Failing Endpoints  TNS Total Endpoints      WHS(ns)      THS(ns)  THS Failing Endpoints  THS Total Endpoints     WPWS(ns)     TPWS(ns)  TPWS Failing Endpoints  TPWS Total Endpoints  
    -------      -------  ---------------------  -------------------      -------      -------  ---------------------  -------------------     --------     --------  ----------------------  --------------------  
      5.876        0.000                      0                  106        0.165        0.000                      0                  106        4.500        0.000                       0                    57  


All user specified timing constraints are met.


------------------------------------------------------------------------------------------------
| Clock Summary
| -------------
------------------------------------------------------------------------------------------------

Clock        Waveform(ns)       Period(ns)      Frequency(MHz)
-----        ------------       ----------      --------------
sys_clk_pin  {0.000 5.000}      10.000          100.000         


------------------------------------------------------------------------------------------------
| Intra Clock Table
| -----------------
------------------------------------------------------------------------------------------------

Clock             WNS(ns)      TNS(ns)  TNS Failing Endpoints  TNS Total Endpoints      WHS(ns)      THS(ns)  THS Failing Endpoints  THS Total Endpoints     WPWS(ns)     TPWS(ns)  TPWS Failing Endpoints  TPWS Total Endpoints  
-----             -------      -------  ---------------------  -------------------      -------      -------  ---------------------  -------------------     --------     --------  ----------------------  --------------------  
sys_clk_pin         5.876        0.000                      0                  106        0.165        0.000                      0                  106        4.500        0.000                       0                    57  


------------------------------------------------------------------------------------------------
| Inter Clock Table
| -----------------
------------------------------------------------------------------------------------------------

From Clock    To Clock          WNS(ns)      TNS(ns)  TNS Failing Endpoints  TNS Total Endpoints      WHS(ns)      THS(ns)  THS Failing Endpoints  THS Total Endpoints  
----------    --------          -------      -------  ---------------------  -------------------      -------      -------  ---------------------  -------------------  


------------------------------------------------------------------------------------------------
| Other Path Groups Table
| -----------------------
------------------------------------------------------------------------------------------------

Path Group    From Clock    To Clock          WNS(ns)      TNS(ns)  TNS Failing Endpoints  TNS Total Endpoints      WHS(ns)      THS(ns)  THS Failing Endpoints  THS Total Endpoints  
----------    ----------    --------          -------      -------  ---------------------  -------------------      -------      -------  ---------------------  -------------------  


------------------------------------------------------------------------------------------------
| User Ignored Path Table
| -----------------------
------------------------------------------------------------------------------------------------

Path Group    From Clock    To Clock    
----------    ----------    --------    


------------------------------------------------------------------------------------------------
| Unconstrained Path Table
| ------------------------
------------------------------------------------------------------------------------------------

Path Group    From Clock    To Clock    
----------    ----------    --------    
(none)        sys_clk_pin                 
(none)                      sys_clk_pin   


------------------------------------------------------------------------------------------------
| Timing Details
| --------------
------------------------------------------------------------------------------------------------


---------------------------------------------------------------------------------------------------
From Clock:  sys_clk_pin
  To Clock:  sys_clk_pin

Setup :            0  Failing Endpoints,  Worst Slack        5.876ns,  Total Violation        0.000ns
Hold  :            0  Failing Endpoints,  Worst Slack        0.165ns,  Total Violation        0.000ns
PW    :            0  Failing Endpoints,  Worst Slack        4.500ns,  Total Violation        0.000ns
---------------------------------------------------------------------------------------------------


Max Delay Paths
--------------------------------------------------------------------------------------
Slack (MET) :             5.876ns  (required time - arrival time)
  Source:                 db_cnt_reg[3]/C
                            (rising edge-triggered cell FDCE clocked by sys_clk_pin  {rise@0.000ns fall@5.000ns period=10.000ns})
  Destination:            db_cnt_reg[17]/D
                            (rising edge-triggered cell FDCE clocked by sys_clk_pin  {rise@0.000ns fall@5.000ns period=10.000ns})
  Path Group:             sys_clk_pin
  Path Type:              Setup (Max at Slow Process Corner)
  Requirement:            10.000ns  (sys_clk_pin rise@10.000ns - sys_clk_pin rise@0.000ns)
  Data Path Delay:        4.090ns  (logic 0.828ns (20.243%)  route 3.262ns (79.757%))
  Logic Levels:           3  (LUT3=1 LUT4=1 LUT5=1)
  Clock Path Skew:        -0.027ns (DCD - SCD + CPR)
    Destination Clock Delay (DCD):    5.026ns = ( 15.026 - 10.000 ) 
    Source Clock Delay      (SCD):    5.328ns
    Clock Pessimism Removal (CPR):    0.275ns
  Clock Uncertainty:      0.035ns  ((TSJ^2 + TIJ^2)^1/2 + DJ) / 2 + PE
    Total System Jitter     (TSJ):    0.071ns
    Total Input Jitter      (TIJ):    0.000ns
    Discrete Jitter          (DJ):    0.000ns
    Phase Error              (PE):    0.000ns

    Location             Delay type                Incr(ns)  Path(ns)    Netlist Resource(s)
  -------------------------------------------------------------------    -------------------
                         (clock sys_clk_pin rise edge)
                                                      0.000     0.000 r  
    E3                                                0.000     0.000 r  clk (IN)
                         net (fo=0)                   0.000     0.000    clk
    E3                   IBUF (Prop_ibuf_I_O)         1.482     1.482 r  clk_IBUF_inst/O
                         net (fo=1, routed)           2.025     3.506    clk_IBUF
    BUFGCTRL_X0Y16       BUFG (Prop_bufg_I_O)         0.096     3.602 r  clk_IBUF_BUFG_inst/O
                         net (fo=56, routed)          1.725     5.328    clk_IBUF_BUFG
    SLICE_X3Y56          FDCE                                         r  db_cnt_reg[3]/C
  -------------------------------------------------------------------    -------------------
    SLICE_X3Y56          FDCE (Prop_fdce_C_Q)         0.456     5.784 f  db_cnt_reg[3]/Q
                         net (fo=2, routed)           0.962     6.745    db_cnt_reg_n_0_[3]
    SLICE_X3Y60          LUT4 (Prop_lut4_I2_O)        0.124     6.869 r  db_cnt[20]_i_7/O
                         net (fo=2, routed)           1.289     8.158    db_cnt[20]_i_7_n_0
    SLICE_X4Y57          LUT5 (Prop_lut5_I2_O)        0.124     8.282 r  db_cnt[20]_i_4/O
                         net (fo=20, routed)          1.012     9.294    db_cnt[20]_i_4_n_0
    SLICE_X3Y60          LUT3 (Prop_lut3_I0_O)        0.124     9.418 r  db_cnt[17]_i_1/O
                         net (fo=1, routed)           0.000     9.418    db_cnt[17]_i_1_n_0
    SLICE_X3Y60          FDCE                                         r  db_cnt_reg[17]/D
  -------------------------------------------------------------------    -------------------

                         (clock sys_clk_pin rise edge)
                                                     10.000    10.000 r  
    E3                                                0.000    10.000 r  clk (IN)
                         net (fo=0)                   0.000    10.000    clk
    E3                   IBUF (Prop_ibuf_I_O)         1.411    11.411 r  clk_IBUF_inst/O
                         net (fo=1, routed)           1.920    13.331    clk_IBUF
    BUFGCTRL_X0Y16       BUFG (Prop_bufg_I_O)         0.091    13.422 r  clk_IBUF_BUFG_inst/O
                         net (fo=56, routed)          1.603    15.026    clk_IBUF_BUFG
    SLICE_X3Y60          FDCE                                         r  db_cnt_reg[17]/C
                         clock pessimism              0.275    15.301    
                         clock uncertainty           -0.035    15.265    
    SLICE_X3Y60          FDCE (Setup_fdce_C_D)        0.029    15.294    db_cnt_reg[17]
  -------------------------------------------------------------------
                         required time                         15.294    
                         arrival time                          -9.418    
  -------------------------------------------------------------------
                         slack                                  5.876    

Slack (MET) :             5.896ns  (required time - arrival time)
  Source:                 db_cnt_reg[3]/C
                            (rising edge-triggered cell FDCE clocked by sys_clk_pin  {rise@0.000ns fall@5.000ns period=10.000ns})
  Destination:            db_cnt_reg[18]/D
                            (rising edge-triggered cell FDCE clocked by sys_clk_pin  {rise@0.000ns fall@5.000ns period=10.000ns})
  Path Group:             sys_clk_pin
  Path Type:              Setup (Max at Slow Process Corner)
  Requirement:            10.000ns  (sys_clk_pin rise@10.000ns - sys_clk_pin rise@0.000ns)
  Data Path Delay:        4.116ns  (logic 0.854ns (20.747%)  route 3.262ns (79.253%))
  Logic Levels:           3  (LUT3=1 LUT4=1 LUT5=1)
  Clock Path Skew:        -0.027ns (DCD - SCD + CPR)
    Destination Clock Delay (DCD):    5.026ns = ( 15.026 - 10.000 ) 
    Source Clock Delay      (SCD):    5.328ns
    Clock Pessimism Removal (CPR):    0.275ns
  Clock Uncertainty:      0.035ns  ((TSJ^2 + TIJ^2)^1/2 + DJ) / 2 + PE
    Total System Jitter     (TSJ):    0.071ns
    Total Input Jitter      (TIJ):    0.000ns
    Discrete Jitter          (DJ):    0.000ns
    Phase Error              (PE):    0.000ns

    Location             Delay type                Incr(ns)  Path(ns)    Netlist Resource(s)
  -------------------------------------------------------------------    -------------------
                         (clock sys_clk_pin rise edge)
                                                      0.000     0.000 r  
    E3                                                0.000     0.000 r  clk (IN)
                         net (fo=0)                   0.000     0.000    clk
    E3                   IBUF (Prop_ibuf_I_O)         1.482     1.482 r  clk_IBUF_inst/O
                         net (fo=1, routed)           2.025     3.506    clk_IBUF
    BUFGCTRL_X0Y16       BUFG (Prop_bufg_I_O)         0.096     3.602 r  clk_IBUF_BUFG_inst/O
                         net (fo=56, routed)          1.725     5.328    clk_IBUF_BUFG
    SLICE_X3Y56          FDCE                                         r  db_cnt_reg[3]/C
  -------------------------------------------------------------------    -------------------
    SLICE_X3Y56          FDCE (Prop_fdce_C_Q)         0.456     5.784 f  db_cnt_reg[3]/Q
                         net (fo=2, routed)           0.962     6.745    db_cnt_reg_n_0_[3]
    SLICE_X3Y60          LUT4 (Prop_lut4_I2_O)        0.124     6.869 r  db_cnt[20]_i_7/O
                         net (fo=2, routed)           1.289     8.158    db_cnt[20]_i_7_n_0
    SLICE_X4Y57          LUT5 (Prop_lut5_I2_O)        0.124     8.282 r  db_cnt[20]_i_4/O
                         net (fo=20, routed)          1.012     9.294    db_cnt[20]_i_4_n_0
    SLICE_X3Y60          LUT3 (Prop_lut3_I0_O)        0.150     9.444 r  db_cnt[18]_i_1/O
                         net (fo=1, routed)           0.000     9.444    db_cnt[18]_i_1_n_0
    SLICE_X3Y60          FDCE                                         r  db_cnt_reg[18]/D
  -------------------------------------------------------------------    -------------------

                         (clock sys_clk_pin rise edge)
                                                     10.000    10.000 r  
    E3                                                0.000    10.000 r  clk (IN)
                         net (fo=0)                   0.000    10.000    clk
    E3                   IBUF (Prop_ibuf_I_O)         1.411    11.411 r  clk_IBUF_inst/O
                         net (fo=1, routed)           1.920    13.331    clk_IBUF
    BUFGCTRL_X0Y16       BUFG (Prop_bufg_I_O)         0.091    13.422 r  clk_IBUF_BUFG_inst/O
                         net (fo=56, routed)          1.603    15.026    clk_IBUF_BUFG
    SLICE_X3Y60          FDCE                                         r  db_cnt_reg[18]/C
                         clock pessimism              0.275    15.301    
                         clock uncertainty           -0.035    15.265    
    SLICE_X3Y60          FDCE (Setup_fdce_C_D)        0.075    15.340    db_cnt_reg[18]
  -------------------------------------------------------------------
                         required time                         15.340    
                         arrival time                          -9.444    
  -------------------------------------------------------------------
                         slack                                  5.896    

Slack (MET) :             6.026ns  (required time - arrival time)
  Source:                 db_cnt_reg[3]/C
                            (rising edge-triggered cell FDCE clocked by sys_clk_pin  {rise@0.000ns fall@5.000ns period=10.000ns})
  Destination:            db_cnt_reg[13]/D
                            (rising edge-triggered cell FDCE clocked by sys_clk_pin  {rise@0.000ns fall@5.000ns period=10.000ns})
  Path Group:             sys_clk_pin
  Path Type:              Setup (Max at Slow Process Corner)
  Requirement:            10.000ns  (sys_clk_pin rise@10.000ns - sys_clk_pin rise@0.000ns)
  Data Path Delay:        3.940ns  (logic 0.828ns (21.014%)  route 3.112ns (78.986%))
  Logic Levels:           3  (LUT3=1 LUT4=1 LUT5=1)
  Clock Path Skew:        -0.027ns (DCD - SCD + CPR)
    Destination Clock Delay (DCD):    5.026ns = ( 15.026 - 10.000 ) 
    Source Clock Delay      (SCD):    5.328ns
    Clock Pessimism Removal (CPR):    0.275ns
  Clock Uncertainty:      0.035ns  ((TSJ^2 + TIJ^2)^1/2 + DJ) / 2 + PE
    Total System Jitter     (TSJ):    0.071ns
    Total Input Jitter      (TIJ):    0.000ns
    Discrete Jitter          (DJ):    0.000ns
    Phase Error              (PE):    0.000ns

    Location             Delay type                Incr(ns)  Path(ns)    Netlist Resource(s)
  -------------------------------------------------------------------    -------------------
                         (clock sys_clk_pin rise edge)
                                                      0.000     0.000 r  
    E3                                                0.000     0.000 r  clk (IN)
                         net (fo=0)                   0.000     0.000    clk
    E3                   IBUF (Prop_ibuf_I_O)         1.482     1.482 r  clk_IBUF_inst/O
                         net (fo=1, routed)           2.025     3.506    clk_IBUF
    BUFGCTRL_X0Y16       BUFG (Prop_bufg_I_O)         0.096     3.602 r  clk_IBUF_BUFG_inst/O
                         net (fo=56, routed)          1.725     5.328    clk_IBUF_BUFG
    SLICE_X3Y56          FDCE                                         r  db_cnt_reg[3]/C
  -------------------------------------------------------------------    -------------------
    SLICE_X3Y56          FDCE (Prop_fdce_C_Q)         0.456     5.784 f  db_cnt_reg[3]/Q
                         net (fo=2, routed)           0.962     6.745    db_cnt_reg_n_0_[3]
    SLICE_X3Y60          LUT4 (Prop_lut4_I2_O)        0.124     6.869 r  db_cnt[20]_i_7/O
                         net (fo=2, routed)           1.289     8.158    db_cnt[20]_i_7_n_0
    SLICE_X4Y57          LUT5 (Prop_lut5_I2_O)        0.124     8.282 r  db_cnt[20]_i_4/O
                         net (fo=20, routed)          0.862     9.144    db_cnt[20]_i_4_n_0
    SLICE_X3Y59          LUT3 (Prop_lut3_I0_O)        0.124     9.268 r  db_cnt[13]_i_1/O
                         net (fo=1, routed)           0.000     9.268    db_cnt[13]_i_1_n_0
    SLICE_X3Y59          FDCE                                         r  db_cnt_reg[13]/D
  -------------------------------------------------------------------    -------------------

                         (clock sys_clk_pin rise edge)
                                                     10.000    10.000 r  
    E3                                                0.000    10.000 r  clk (IN)
                         net (fo=0)                   0.000    10.000    clk
    E3                   IBUF (Prop_ibuf_I_O)         1.411    11.411 r  clk_IBUF_inst/O
                         net (fo=1, routed)           1.920    13.331    clk_IBUF
    BUFGCTRL_X0Y16       BUFG (Prop_bufg_I_O)         0.091    13.422 r  clk_IBUF_BUFG_inst/O
                         net (fo=56, routed)          1.603    15.026    clk_IBUF_BUFG
    SLICE_X3Y59          FDCE                                         r  db_cnt_reg[13]/C
                         clock pessimism              0.275    15.301    
                         clock uncertainty           -0.035    15.265    
    SLICE_X3Y59          FDCE (Setup_fdce_C_D)        0.029    15.294    db_cnt_reg[13]
  -------------------------------------------------------------------
                         required time                         15.294    
                         arrival time                          -9.268    
  -------------------------------------------------------------------
                         slack                                  6.026    

Slack (MET) :             6.046ns  (required time - arrival time)
  Source:                 db_cnt_reg[3]/C
                            (rising edge-triggered cell FDCE clocked by sys_clk_pin  {rise@0.000ns fall@5.000ns period=10.000ns})
  Destination:            db_cnt_reg[14]/D
                            (rising edge-triggered cell FDCE clocked by sys_clk_pin  {rise@0.000ns fall@5.000ns period=10.000ns})
  Path Group:             sys_clk_pin
  Path Type:              Setup (Max at Slow Process Corner)
  Requirement:            10.000ns  (sys_clk_pin rise@10.000ns - sys_clk_pin rise@0.000ns)
  Data Path Delay:        3.966ns  (logic 0.854ns (21.532%)  route 3.112ns (78.468%))
  Logic Levels:           3  (LUT3=1 LUT4=1 LUT5=1)
  Clock Path Skew:        -0.027ns (DCD - SCD + CPR)
    Destination Clock Delay (DCD):    5.026ns = ( 15.026 - 10.000 ) 
    Source Clock Delay      (SCD):    5.328ns
    Clock Pessimism Removal (CPR):    0.275ns
  Clock Uncertainty:      0.035ns  ((TSJ^2 + TIJ^2)^1/2 + DJ) / 2 + PE
    Total System Jitter     (TSJ):    0.071ns
    Total Input Jitter      (TIJ):    0.000ns
    Discrete Jitter          (DJ):    0.000ns
    Phase Error              (PE):    0.000ns

    Location             Delay type                Incr(ns)  Path(ns)    Netlist Resource(s)
  -------------------------------------------------------------------    -------------------
                         (clock sys_clk_pin rise edge)
                                                      0.000     0.000 r  
    E3                                                0.000     0.000 r  clk (IN)
                         net (fo=0)                   0.000     0.000    clk
    E3                   IBUF (Prop_ibuf_I_O)         1.482     1.482 r  clk_IBUF_inst/O
                         net (fo=1, routed)           2.025     3.506    clk_IBUF
    BUFGCTRL_X0Y16       BUFG (Prop_bufg_I_O)         0.096     3.602 r  clk_IBUF_BUFG_inst/O
                         net (fo=56, routed)          1.725     5.328    clk_IBUF_BUFG
    SLICE_X3Y56          FDCE                                         r  db_cnt_reg[3]/C
  -------------------------------------------------------------------    -------------------
    SLICE_X3Y56          FDCE (Prop_fdce_C_Q)         0.456     5.784 f  db_cnt_reg[3]/Q
                         net (fo=2, routed)           0.962     6.745    db_cnt_reg_n_0_[3]
    SLICE_X3Y60          LUT4 (Prop_lut4_I2_O)        0.124     6.869 r  db_cnt[20]_i_7/O
                         net (fo=2, routed)           1.289     8.158    db_cnt[20]_i_7_n_0
    SLICE_X4Y57          LUT5 (Prop_lut5_I2_O)        0.124     8.282 r  db_cnt[20]_i_4/O
                         net (fo=20, routed)          0.862     9.144    db_cnt[20]_i_4_n_0
    SLICE_X3Y59          LUT3 (Prop_lut3_I0_O)        0.150     9.294 r  db_cnt[14]_i_1/O
                         net (fo=1, routed)           0.000     9.294    db_cnt[14]_i_1_n_0
    SLICE_X3Y59          FDCE                                         r  db_cnt_reg[14]/D
  -------------------------------------------------------------------    -------------------

                         (clock sys_clk_pin rise edge)
                                                     10.000    10.000 r  
    E3                                                0.000    10.000 r  clk (IN)
                         net (fo=0)                   0.000    10.000    clk
    E3                   IBUF (Prop_ibuf_I_O)         1.411    11.411 r  clk_IBUF_inst/O
                         net (fo=1, routed)           1.920    13.331    clk_IBUF
    BUFGCTRL_X0Y16       BUFG (Prop_bufg_I_O)         0.091    13.422 r  clk_IBUF_BUFG_inst/O
                         net (fo=56, routed)          1.603    15.026    clk_IBUF_BUFG
    SLICE_X3Y59          FDCE                                         r  db_cnt_reg[14]/C
                         clock pessimism              0.275    15.301    
                         clock uncertainty           -0.035    15.265    
    SLICE_X3Y59          FDCE (Setup_fdce_C_D)        0.075    15.340    db_cnt_reg[14]
  -------------------------------------------------------------------
                         required time                         15.340    
                         arrival time                          -9.294    
  -------------------------------------------------------------------
                         slack                                  6.046    

Slack (MET) :             6.106ns  (required time - arrival time)
  Source:                 db_cnt_reg[3]/C
                            (rising edge-triggered cell FDCE clocked by sys_clk_pin  {rise@0.000ns fall@5.000ns period=10.000ns})
  Destination:            db_cnt_reg[19]/D
                            (rising edge-triggered cell FDCE clocked by sys_clk_pin  {rise@0.000ns fall@5.000ns period=10.000ns})
  Path Group:             sys_clk_pin
  Path Type:              Setup (Max at Slow Process Corner)
  Requirement:            10.000ns  (sys_clk_pin rise@10.000ns - sys_clk_pin rise@0.000ns)
  Data Path Delay:        3.862ns  (logic 0.828ns (21.438%)  route 3.034ns (78.562%))
  Logic Levels:           3  (LUT3=1 LUT4=1 LUT5=1)
  Clock Path Skew:        -0.027ns (DCD - SCD + CPR)
    Destination Clock Delay (DCD):    5.026ns = ( 15.026 - 10.000 ) 
    Source Clock Delay      (SCD):    5.328ns
    Clock Pessimism Removal (CPR):    0.275ns
  Clock Uncertainty:      0.035ns  ((TSJ^2 + TIJ^2)^1/2 + DJ) / 2 + PE
    Total System Jitter     (TSJ):    0.071ns
    Total Input Jitter      (TIJ):    0.000ns
    Discrete Jitter          (DJ):    0.000ns
    Phase Error              (PE):    0.000ns

    Location             Delay type                Incr(ns)  Path(ns)    Netlist Resource(s)
  -------------------------------------------------------------------    -------------------
                         (clock sys_clk_pin rise edge)
                                                      0.000     0.000 r  
    E3                                                0.000     0.000 r  clk (IN)
                         net (fo=0)                   0.000     0.000    clk
    E3                   IBUF (Prop_ibuf_I_O)         1.482     1.482 r  clk_IBUF_inst/O
                         net (fo=1, routed)           2.025     3.506    clk_IBUF
    BUFGCTRL_X0Y16       BUFG (Prop_bufg_I_O)         0.096     3.602 r  clk_IBUF_BUFG_inst/O
                         net (fo=56, routed)          1.725     5.328    clk_IBUF_BUFG
    SLICE_X3Y56          FDCE                                         r  db_cnt_reg[3]/C
  -------------------------------------------------------------------    -------------------
    SLICE_X3Y56          FDCE (Prop_fdce_C_Q)         0.456     5.784 f  db_cnt_reg[3]/Q
                         net (fo=2, routed)           0.962     6.745    db_cnt_reg_n_0_[3]
    SLICE_X3Y60          LUT4 (Prop_lut4_I2_O)        0.124     6.869 r  db_cnt[20]_i_7/O
                         net (fo=2, routed)           1.289     8.158    db_cnt[20]_i_7_n_0
    SLICE_X4Y57          LUT5 (Prop_lut5_I2_O)        0.124     8.282 r  db_cnt[20]_i_4/O
                         net (fo=20, routed)          0.784     9.066    db_cnt[20]_i_4_n_0
    SLICE_X3Y60          LUT3 (Prop_lut3_I0_O)        0.124     9.190 r  db_cnt[19]_i_1/O
                         net (fo=1, routed)           0.000     9.190    db_cnt[19]_i_1_n_0
    SLICE_X3Y60          FDCE                                         r  db_cnt_reg[19]/D
  -------------------------------------------------------------------    -------------------

                         (clock sys_clk_pin rise edge)
                                                     10.000    10.000 r  
    E3                                                0.000    10.000 r  clk (IN)
                         net (fo=0)                   0.000    10.000    clk
    E3                   IBUF (Prop_ibuf_I_O)         1.411    11.411 r  clk_IBUF_inst/O
                         net (fo=1, routed)           1.920    13.331    clk_IBUF
    BUFGCTRL_X0Y16       BUFG (Prop_bufg_I_O)         0.091    13.422 r  clk_IBUF_BUFG_inst/O
                         net (fo=56, routed)          1.603    15.026    clk_IBUF_BUFG
    SLICE_X3Y60          FDCE                                         r  db_cnt_reg[19]/C
                         clock pessimism              0.275    15.301    
                         clock uncertainty           -0.035    15.265    
    SLICE_X3Y60          FDCE (Setup_fdce_C_D)        0.031    15.296    db_cnt_reg[19]
  -------------------------------------------------------------------
                         required time                         15.296    
                         arrival time                          -9.190    
  -------------------------------------------------------------------
                         slack                                  6.106    

Slack (MET) :             6.155ns  (required time - arrival time)
  Source:                 db_cnt_reg[3]/C
                            (rising edge-triggered cell FDCE clocked by sys_clk_pin  {rise@0.000ns fall@5.000ns period=10.000ns})
  Destination:            db_cnt_reg[20]/D
                            (rising edge-triggered cell FDCE clocked by sys_clk_pin  {rise@0.000ns fall@5.000ns period=10.000ns})
  Path Group:             sys_clk_pin
  Path Type:              Setup (Max at Slow Process Corner)
  Requirement:            10.000ns  (sys_clk_pin rise@10.000ns - sys_clk_pin rise@0.000ns)
  Data Path Delay:        3.857ns  (logic 0.823ns (21.336%)  route 3.034ns (78.664%))
  Logic Levels:           3  (LUT3=1 LUT4=1 LUT5=1)
  Clock Path Skew:        -0.027ns (DCD - SCD + CPR)
    Destination Clock Delay (DCD):    5.026ns = ( 15.026 - 10.000 ) 
    Source Clock Delay      (SCD):    5.328ns
    Clock Pessimism Removal (CPR):    0.275ns
  Clock Uncertainty:      0.035ns  ((TSJ^2 + TIJ^2)^1/2 + DJ) / 2 + PE
    Total System Jitter     (TSJ):    0.071ns
    Total Input Jitter      (TIJ):    0.000ns
    Discrete Jitter          (DJ):    0.000ns
    Phase Error              (PE):    0.000ns

    Location             Delay type                Incr(ns)  Path(ns)    Netlist Resource(s)
  -------------------------------------------------------------------    -------------------
                         (clock sys_clk_pin rise edge)
                                                      0.000     0.000 r  
    E3                                                0.000     0.000 r  clk (IN)
                         net (fo=0)                   0.000     0.000    clk
    E3                   IBUF (Prop_ibuf_I_O)         1.482     1.482 r  clk_IBUF_inst/O
                         net (fo=1, routed)           2.025     3.506    clk_IBUF
    BUFGCTRL_X0Y16       BUFG (Prop_bufg_I_O)         0.096     3.602 r  clk_IBUF_BUFG_inst/O
                         net (fo=56, routed)          1.725     5.328    clk_IBUF_BUFG
    SLICE_X3Y56          FDCE                                         r  db_cnt_reg[3]/C
  -------------------------------------------------------------------    -------------------
    SLICE_X3Y56          FDCE (Prop_fdce_C_Q)         0.456     5.784 f  db_cnt_reg[3]/Q
                         net (fo=2, routed)           0.962     6.745    db_cnt_reg_n_0_[3]
    SLICE_X3Y60          LUT4 (Prop_lut4_I2_O)        0.124     6.869 r  db_cnt[20]_i_7/O
                         net (fo=2, routed)           1.289     8.158    db_cnt[20]_i_7_n_0
    SLICE_X4Y57          LUT5 (Prop_lut5_I2_O)        0.124     8.282 r  db_cnt[20]_i_4/O
                         net (fo=20, routed)          0.784     9.066    db_cnt[20]_i_4_n_0
    SLICE_X3Y60          LUT3 (Prop_lut3_I2_O)        0.119     9.185 r  db_cnt[20]_i_2/O
                         net (fo=1, routed)           0.000     9.185    db_cnt[20]_i_2_n_0
    SLICE_X3Y60          FDCE                                         r  db_cnt_reg[20]/D
  -------------------------------------------------------------------    -------------------

                         (clock sys_clk_pin rise edge)
                                                     10.000    10.000 r  
    E3                                                0.000    10.000 r  clk (IN)
                         net (fo=0)                   0.000    10.000    clk
    E3                   IBUF (Prop_ibuf_I_O)         1.411    11.411 r  clk_IBUF_inst/O
                         net (fo=1, routed)           1.920    13.331    clk_IBUF
    BUFGCTRL_X0Y16       BUFG (Prop_bufg_I_O)         0.091    13.422 r  clk_IBUF_BUFG_inst/O
                         net (fo=56, routed)          1.603    15.026    clk_IBUF_BUFG
    SLICE_X3Y60          FDCE                                         r  db_cnt_reg[20]/C
                         clock pessimism              0.275    15.301    
                         clock uncertainty           -0.035    15.265    
    SLICE_X3Y60          FDCE (Setup_fdce_C_D)        0.075    15.340    db_cnt_reg[20]
  -------------------------------------------------------------------
                         required time                         15.340    
                         arrival time                          -9.185    
  -------------------------------------------------------------------
                         slack                                  6.155    

Slack (MET) :             6.236ns  (required time - arrival time)
  Source:                 db_cnt_reg[3]/C
                            (rising edge-triggered cell FDCE clocked by sys_clk_pin  {rise@0.000ns fall@5.000ns period=10.000ns})
  Destination:            db_cnt_reg[10]/D
                            (rising edge-triggered cell FDCE clocked by sys_clk_pin  {rise@0.000ns fall@5.000ns period=10.000ns})
  Path Group:             sys_clk_pin
  Path Type:              Setup (Max at Slow Process Corner)
  Requirement:            10.000ns  (sys_clk_pin rise@10.000ns - sys_clk_pin rise@0.000ns)
  Data Path Delay:        3.731ns  (logic 0.828ns (22.191%)  route 2.903ns (77.809%))
  Logic Levels:           3  (LUT3=1 LUT4=1 LUT5=1)
  Clock Path Skew:        -0.026ns (DCD - SCD + CPR)
    Destination Clock Delay (DCD):    5.027ns = ( 15.027 - 10.000 ) 
    Source Clock Delay      (SCD):    5.328ns
    Clock Pessimism Removal (CPR):    0.275ns
  Clock Uncertainty:      0.035ns  ((TSJ^2 + TIJ^2)^1/2 + DJ) / 2 + PE
    Total System Jitter     (TSJ):    0.071ns
    Total Input Jitter      (TIJ):    0.000ns
    Discrete Jitter          (DJ):    0.000ns
    Phase Error              (PE):    0.000ns

    Location             Delay type                Incr(ns)  Path(ns)    Netlist Resource(s)
  -------------------------------------------------------------------    -------------------
                         (clock sys_clk_pin rise edge)
                                                      0.000     0.000 r  
    E3                                                0.000     0.000 r  clk (IN)
                         net (fo=0)                   0.000     0.000    clk
    E3                   IBUF (Prop_ibuf_I_O)         1.482     1.482 r  clk_IBUF_inst/O
                         net (fo=1, routed)           2.025     3.506    clk_IBUF
    BUFGCTRL_X0Y16       BUFG (Prop_bufg_I_O)         0.096     3.602 r  clk_IBUF_BUFG_inst/O
                         net (fo=56, routed)          1.725     5.328    clk_IBUF_BUFG
    SLICE_X3Y56          FDCE                                         r  db_cnt_reg[3]/C
  -------------------------------------------------------------------    -------------------
    SLICE_X3Y56          FDCE (Prop_fdce_C_Q)         0.456     5.784 f  db_cnt_reg[3]/Q
                         net (fo=2, routed)           0.962     6.745    db_cnt_reg_n_0_[3]
    SLICE_X3Y60          LUT4 (Prop_lut4_I2_O)        0.124     6.869 r  db_cnt[20]_i_7/O
                         net (fo=2, routed)           1.289     8.158    db_cnt[20]_i_7_n_0
    SLICE_X4Y57          LUT5 (Prop_lut5_I2_O)        0.124     8.282 r  db_cnt[20]_i_4/O
                         net (fo=20, routed)          0.653     8.935    db_cnt[20]_i_4_n_0
    SLICE_X3Y58          LUT3 (Prop_lut3_I0_O)        0.124     9.059 r  db_cnt[10]_i_1/O
                         net (fo=1, routed)           0.000     9.059    db_cnt[10]_i_1_n_0
    SLICE_X3Y58          FDCE                                         r  db_cnt_reg[10]/D
  -------------------------------------------------------------------    -------------------

                         (clock sys_clk_pin rise edge)
                                                     10.000    10.000 r  
    E3                                                0.000    10.000 r  clk (IN)
                         net (fo=0)                   0.000    10.000    clk
    E3                   IBUF (Prop_ibuf_I_O)         1.411    11.411 r  clk_IBUF_inst/O
                         net (fo=1, routed)           1.920    13.331    clk_IBUF
    BUFGCTRL_X0Y16       BUFG (Prop_bufg_I_O)         0.091    13.422 r  clk_IBUF_BUFG_inst/O
                         net (fo=56, routed)          1.604    15.027    clk_IBUF_BUFG
    SLICE_X3Y58          FDCE                                         r  db_cnt_reg[10]/C
                         clock pessimism              0.275    15.302    
                         clock uncertainty           -0.035    15.266    
    SLICE_X3Y58          FDCE (Setup_fdce_C_D)        0.029    15.295    db_cnt_reg[10]
  -------------------------------------------------------------------
                         required time                         15.295    
                         arrival time                          -9.059    
  -------------------------------------------------------------------
                         slack                                  6.236    

Slack (MET) :             6.240ns  (required time - arrival time)
  Source:                 db_cnt_reg[3]/C
                            (rising edge-triggered cell FDCE clocked by sys_clk_pin  {rise@0.000ns fall@5.000ns period=10.000ns})
  Destination:            db_cnt_reg[11]/D
                            (rising edge-triggered cell FDCE clocked by sys_clk_pin  {rise@0.000ns fall@5.000ns period=10.000ns})
  Path Group:             sys_clk_pin
  Path Type:              Setup (Max at Slow Process Corner)
  Requirement:            10.000ns  (sys_clk_pin rise@10.000ns - sys_clk_pin rise@0.000ns)
  Data Path Delay:        3.729ns  (logic 0.828ns (22.203%)  route 2.901ns (77.797%))
  Logic Levels:           3  (LUT3=1 LUT4=1 LUT5=1)
  Clock Path Skew:        -0.026ns (DCD - SCD + CPR)
    Destination Clock Delay (DCD):    5.027ns = ( 15.027 - 10.000 ) 
    Source Clock Delay      (SCD):    5.328ns
    Clock Pessimism Removal (CPR):    0.275ns
  Clock Uncertainty:      0.035ns  ((TSJ^2 + TIJ^2)^1/2 + DJ) / 2 + PE
    Total System Jitter     (TSJ):    0.071ns
    Total Input Jitter      (TIJ):    0.000ns
    Discrete Jitter          (DJ):    0.000ns
    Phase Error              (PE):    0.000ns

    Location             Delay type                Incr(ns)  Path(ns)    Netlist Resource(s)
  -------------------------------------------------------------------    -------------------
                         (clock sys_clk_pin rise edge)
                                                      0.000     0.000 r  
    E3                                                0.000     0.000 r  clk (IN)
                         net (fo=0)                   0.000     0.000    clk
    E3                   IBUF (Prop_ibuf_I_O)         1.482     1.482 r  clk_IBUF_inst/O
                         net (fo=1, routed)           2.025     3.506    clk_IBUF
    BUFGCTRL_X0Y16       BUFG (Prop_bufg_I_O)         0.096     3.602 r  clk_IBUF_BUFG_inst/O
                         net (fo=56, routed)          1.725     5.328    clk_IBUF_BUFG
    SLICE_X3Y56          FDCE                                         r  db_cnt_reg[3]/C
  -------------------------------------------------------------------    -------------------
    SLICE_X3Y56          FDCE (Prop_fdce_C_Q)         0.456     5.784 f  db_cnt_reg[3]/Q
                         net (fo=2, routed)           0.962     6.745    db_cnt_reg_n_0_[3]
    SLICE_X3Y60          LUT4 (Prop_lut4_I2_O)        0.124     6.869 r  db_cnt[20]_i_7/O
                         net (fo=2, routed)           1.289     8.158    db_cnt[20]_i_7_n_0
    SLICE_X4Y57          LUT5 (Prop_lut5_I2_O)        0.124     8.282 r  db_cnt[20]_i_4/O
                         net (fo=20, routed)          0.651     8.933    db_cnt[20]_i_4_n_0
    SLICE_X3Y58          LUT3 (Prop_lut3_I0_O)        0.124     9.057 r  db_cnt[11]_i_1/O
                         net (fo=1, routed)           0.000     9.057    db_cnt[11]_i_1_n_0
    SLICE_X3Y58          FDCE                                         r  db_cnt_reg[11]/D
  -------------------------------------------------------------------    -------------------

                         (clock sys_clk_pin rise edge)
                                                     10.000    10.000 r  
    E3                                                0.000    10.000 r  clk (IN)
                         net (fo=0)                   0.000    10.000    clk
    E3                   IBUF (Prop_ibuf_I_O)         1.411    11.411 r  clk_IBUF_inst/O
                         net (fo=1, routed)           1.920    13.331    clk_IBUF
    BUFGCTRL_X0Y16       BUFG (Prop_bufg_I_O)         0.091    13.422 r  clk_IBUF_BUFG_inst/O
                         net (fo=56, routed)          1.604    15.027    clk_IBUF_BUFG
    SLICE_X3Y58          FDCE                                         r  db_cnt_reg[11]/C
                         clock pessimism              0.275    15.302    
                         clock uncertainty           -0.035    15.266    
    SLICE_X3Y58          FDCE (Setup_fdce_C_D)        0.031    15.297    db_cnt_reg[11]
  -------------------------------------------------------------------
                         required time                         15.297    
                         arrival time                          -9.057    
  -------------------------------------------------------------------
                         slack                                  6.240    

Slack (MET) :             6.252ns  (required time - arrival time)
  Source:                 db_cnt_reg[3]/C
                            (rising edge-triggered cell FDCE clocked by sys_clk_pin  {rise@0.000ns fall@5.000ns period=10.000ns})
  Destination:            db_cnt_reg[5]/D
                            (rising edge-triggered cell FDCE clocked by sys_clk_pin  {rise@0.000ns fall@5.000ns period=10.000ns})
  Path Group:             sys_clk_pin
  Path Type:              Setup (Max at Slow Process Corner)
  Requirement:            10.000ns  (sys_clk_pin rise@10.000ns - sys_clk_pin rise@0.000ns)
  Data Path Delay:        3.716ns  (logic 0.828ns (22.284%)  route 2.888ns (77.716%))
  Logic Levels:           3  (LUT3=1 LUT4=1 LUT5=1)
  Clock Path Skew:        -0.026ns (DCD - SCD + CPR)
    Destination Clock Delay (DCD):    5.027ns = ( 15.027 - 10.000 ) 
    Source Clock Delay      (SCD):    5.328ns
    Clock Pessimism Removal (CPR):    0.275ns
  Clock Uncertainty:      0.035ns  ((TSJ^2 + TIJ^2)^1/2 + DJ) / 2 + PE
    Total System Jitter     (TSJ):    0.071ns
    Total Input Jitter      (TIJ):    0.000ns
    Discrete Jitter          (DJ):    0.000ns
    Phase Error              (PE):    0.000ns

    Location             Delay type                Incr(ns)  Path(ns)    Netlist Resource(s)
  -------------------------------------------------------------------    -------------------
                         (clock sys_clk_pin rise edge)
                                                      0.000     0.000 r  
    E3                                                0.000     0.000 r  clk (IN)
                         net (fo=0)                   0.000     0.000    clk
    E3                   IBUF (Prop_ibuf_I_O)         1.482     1.482 r  clk_IBUF_inst/O
                         net (fo=1, routed)           2.025     3.506    clk_IBUF
    BUFGCTRL_X0Y16       BUFG (Prop_bufg_I_O)         0.096     3.602 r  clk_IBUF_BUFG_inst/O
                         net (fo=56, routed)          1.725     5.328    clk_IBUF_BUFG
    SLICE_X3Y56          FDCE                                         r  db_cnt_reg[3]/C
  -------------------------------------------------------------------    -------------------
    SLICE_X3Y56          FDCE (Prop_fdce_C_Q)         0.456     5.784 f  db_cnt_reg[3]/Q
                         net (fo=2, routed)           0.962     6.745    db_cnt_reg_n_0_[3]
    SLICE_X3Y60          LUT4 (Prop_lut4_I2_O)        0.124     6.869 r  db_cnt[20]_i_7/O
                         net (fo=2, routed)           1.289     8.158    db_cnt[20]_i_7_n_0
    SLICE_X4Y57          LUT5 (Prop_lut5_I2_O)        0.124     8.282 r  db_cnt[20]_i_4/O
                         net (fo=20, routed)          0.638     8.919    db_cnt[20]_i_4_n_0
    SLICE_X3Y57          LUT3 (Prop_lut3_I0_O)        0.124     9.043 r  db_cnt[5]_i_1/O
                         net (fo=1, routed)           0.000     9.043    db_cnt[5]_i_1_n_0
    SLICE_X3Y57          FDCE                                         r  db_cnt_reg[5]/D
  -------------------------------------------------------------------    -------------------

                         (clock sys_clk_pin rise edge)
                                                     10.000    10.000 r  
    E3                                                0.000    10.000 r  clk (IN)
                         net (fo=0)                   0.000    10.000    clk
    E3                   IBUF (Prop_ibuf_I_O)         1.411    11.411 r  clk_IBUF_inst/O
                         net (fo=1, routed)           1.920    13.331    clk_IBUF
    BUFGCTRL_X0Y16       BUFG (Prop_bufg_I_O)         0.091    13.422 r  clk_IBUF_BUFG_inst/O
                         net (fo=56, routed)          1.604    15.027    clk_IBUF_BUFG
    SLICE_X3Y57          FDCE                                         r  db_cnt_reg[5]/C
                         clock pessimism              0.275    15.302    
                         clock uncertainty           -0.035    15.266    
    SLICE_X3Y57          FDCE (Setup_fdce_C_D)        0.029    15.295    db_cnt_reg[5]
  -------------------------------------------------------------------
                         required time                         15.295    
                         arrival time                          -9.043    
  -------------------------------------------------------------------
                         slack                                  6.252    

Slack (MET) :             6.256ns  (required time - arrival time)
  Source:                 db_cnt_reg[3]/C
                            (rising edge-triggered cell FDCE clocked by sys_clk_pin  {rise@0.000ns fall@5.000ns period=10.000ns})
  Destination:            db_cnt_reg[9]/D
                            (rising edge-triggered cell FDCE clocked by sys_clk_pin  {rise@0.000ns fall@5.000ns period=10.000ns})
  Path Group:             sys_clk_pin
  Path Type:              Setup (Max at Slow Process Corner)
  Requirement:            10.000ns  (sys_clk_pin rise@10.000ns - sys_clk_pin rise@0.000ns)
  Data Path Delay:        3.757ns  (logic 0.854ns (22.729%)  route 2.903ns (77.271%))
  Logic Levels:           3  (LUT3=1 LUT4=1 LUT5=1)
  Clock Path Skew:        -0.026ns (DCD - SCD + CPR)
    Destination Clock Delay (DCD):    5.027ns = ( 15.027 - 10.000 ) 
    Source Clock Delay      (SCD):    5.328ns
    Clock Pessimism Removal (CPR):    0.275ns
  Clock Uncertainty:      0.035ns  ((TSJ^2 + TIJ^2)^1/2 + DJ) / 2 + PE
    Total System Jitter     (TSJ):    0.071ns
    Total Input Jitter      (TIJ):    0.000ns
    Discrete Jitter          (DJ):    0.000ns
    Phase Error              (PE):    0.000ns

    Location             Delay type                Incr(ns)  Path(ns)    Netlist Resource(s)
  -------------------------------------------------------------------    -------------------
                         (clock sys_clk_pin rise edge)
                                                      0.000     0.000 r  
    E3                                                0.000     0.000 r  clk (IN)
                         net (fo=0)                   0.000     0.000    clk
    E3                   IBUF (Prop_ibuf_I_O)         1.482     1.482 r  clk_IBUF_inst/O
                         net (fo=1, routed)           2.025     3.506    clk_IBUF
    BUFGCTRL_X0Y16       BUFG (Prop_bufg_I_O)         0.096     3.602 r  clk_IBUF_BUFG_inst/O
                         net (fo=56, routed)          1.725     5.328    clk_IBUF_BUFG
    SLICE_X3Y56          FDCE                                         r  db_cnt_reg[3]/C
  -------------------------------------------------------------------    -------------------
    SLICE_X3Y56          FDCE (Prop_fdce_C_Q)         0.456     5.784 f  db_cnt_reg[3]/Q
                         net (fo=2, routed)           0.962     6.745    db_cnt_reg_n_0_[3]
    SLICE_X3Y60          LUT4 (Prop_lut4_I2_O)        0.124     6.869 r  db_cnt[20]_i_7/O
                         net (fo=2, routed)           1.289     8.158    db_cnt[20]_i_7_n_0
    SLICE_X4Y57          LUT5 (Prop_lut5_I2_O)        0.124     8.282 r  db_cnt[20]_i_4/O
                         net (fo=20, routed)          0.653     8.935    db_cnt[20]_i_4_n_0
    SLICE_X3Y58          LUT3 (Prop_lut3_I0_O)        0.150     9.085 r  db_cnt[9]_i_1/O
                         net (fo=1, routed)           0.000     9.085    db_cnt[9]_i_1_n_0
    SLICE_X3Y58          FDCE                                         r  db_cnt_reg[9]/D
  -------------------------------------------------------------------    -------------------

                         (clock sys_clk_pin rise edge)
                                                     10.000    10.000 r  
    E3                                                0.000    10.000 r  clk (IN)
                         net (fo=0)                   0.000    10.000    clk
    E3                   IBUF (Prop_ibuf_I_O)         1.411    11.411 r  clk_IBUF_inst/O
                         net (fo=1, routed)           1.920    13.331    clk_IBUF
    BUFGCTRL_X0Y16       BUFG (Prop_bufg_I_O)         0.091    13.422 r  clk_IBUF_BUFG_inst/O
                         net (fo=56, routed)          1.604    15.027    clk_IBUF_BUFG
    SLICE_X3Y58          FDCE                                         r  db_cnt_reg[9]/C
                         clock pessimism              0.275    15.302    
                         clock uncertainty           -0.035    15.266    
    SLICE_X3Y58          FDCE (Setup_fdce_C_D)        0.075    15.341    db_cnt_reg[9]
  -------------------------------------------------------------------
                         required time                         15.341    
                         arrival time                          -9.085    
  -------------------------------------------------------------------
                         slack                                  6.256    





Min Delay Paths
--------------------------------------------------------------------------------------
Slack (MET) :             0.165ns  (arrival time - required time)
  Source:                 step_sync0_reg/C
                            (rising edge-triggered cell FDCE clocked by sys_clk_pin  {rise@0.000ns fall@5.000ns period=10.000ns})
  Destination:            step_sync1_reg/D
                            (rising edge-triggered cell FDCE clocked by sys_clk_pin  {rise@0.000ns fall@5.000ns period=10.000ns})
  Path Group:             sys_clk_pin
  Path Type:              Hold (Min at Fast Process Corner)
  Requirement:            0.000ns  (sys_clk_pin rise@0.000ns - sys_clk_pin rise@0.000ns)
  Data Path Delay:        0.240ns  (logic 0.141ns (58.691%)  route 0.099ns (41.309%))
  Logic Levels:           0  
  Clock Path Skew:        0.016ns (DCD - SCD - CPR)
    Destination Clock Delay (DCD):    2.038ns
    Source Clock Delay      (SCD):    1.519ns
    Clock Pessimism Removal (CPR):    0.502ns

    Location             Delay type                Incr(ns)  Path(ns)    Netlist Resource(s)
  -------------------------------------------------------------------    -------------------
                         (clock sys_clk_pin rise edge)
                                                      0.000     0.000 r  
    E3                                                0.000     0.000 r  clk (IN)
                         net (fo=0)                   0.000     0.000    clk
    E3                   IBUF (Prop_ibuf_I_O)         0.250     0.250 r  clk_IBUF_inst/O
                         net (fo=1, routed)           0.644     0.894    clk_IBUF
    BUFGCTRL_X0Y16       BUFG (Prop_bufg_I_O)         0.026     0.920 r  clk_IBUF_BUFG_inst/O
                         net (fo=56, routed)          0.600     1.519    clk_IBUF_BUFG
    SLICE_X1Y63          FDCE                                         r  step_sync0_reg/C
  -------------------------------------------------------------------    -------------------
    SLICE_X1Y63          FDCE (Prop_fdce_C_Q)         0.141     1.660 r  step_sync0_reg/Q
                         net (fo=1, routed)           0.099     1.760    step_sync0
    SLICE_X2Y62          FDCE                                         r  step_sync1_reg/D
  -------------------------------------------------------------------    -------------------

                         (clock sys_clk_pin rise edge)
                                                      0.000     0.000 r  
    E3                                                0.000     0.000 r  clk (IN)
                         net (fo=0)                   0.000     0.000    clk
    E3                   IBUF (Prop_ibuf_I_O)         0.438     0.438 r  clk_IBUF_inst/O
                         net (fo=1, routed)           0.699     1.136    clk_IBUF
    BUFGCTRL_X0Y16       BUFG (Prop_bufg_I_O)         0.029     1.165 r  clk_IBUF_BUFG_inst/O
                         net (fo=56, routed)          0.873     2.038    clk_IBUF_BUFG
    SLICE_X2Y62          FDCE                                         r  step_sync1_reg/C
                         clock pessimism             -0.502     1.535    
    SLICE_X2Y62          FDCE (Hold_fdce_C_D)         0.059     1.594    step_sync1_reg
  -------------------------------------------------------------------
                         required time                         -1.594    
                         arrival time                           1.760    
  -------------------------------------------------------------------
                         slack                                  0.165    

Slack (MET) :             0.193ns  (arrival time - required time)
  Source:                 u_crc/crc_out_reg[1]/C
                            (rising edge-triggered cell FDCE clocked by sys_clk_pin  {rise@0.000ns fall@5.000ns period=10.000ns})
  Destination:            u_crc/crc_out_reg[2]/D
                            (rising edge-triggered cell FDCE clocked by sys_clk_pin  {rise@0.000ns fall@5.000ns period=10.000ns})
  Path Group:             sys_clk_pin
  Path Type:              Hold (Min at Fast Process Corner)
  Requirement:            0.000ns  (sys_clk_pin rise@0.000ns - sys_clk_pin rise@0.000ns)
  Data Path Delay:        0.265ns  (logic 0.141ns (53.299%)  route 0.124ns (46.701%))
  Logic Levels:           0  
  Clock Path Skew:        0.000ns (DCD - SCD - CPR)
    Destination Clock Delay (DCD):    2.037ns
    Source Clock Delay      (SCD):    1.519ns
    Clock Pessimism Removal (CPR):    0.517ns

    Location             Delay type                Incr(ns)  Path(ns)    Netlist Resource(s)
  -------------------------------------------------------------------    -------------------
                         (clock sys_clk_pin rise edge)
                                                      0.000     0.000 r  
    E3                                                0.000     0.000 r  clk (IN)
                         net (fo=0)                   0.000     0.000    clk
    E3                   IBUF (Prop_ibuf_I_O)         0.250     0.250 r  clk_IBUF_inst/O
                         net (fo=1, routed)           0.644     0.894    clk_IBUF
    BUFGCTRL_X0Y16       BUFG (Prop_bufg_I_O)         0.026     0.920 r  clk_IBUF_BUFG_inst/O
                         net (fo=56, routed)          0.600     1.519    u_crc/clk_IBUF_BUFG
    SLICE_X1Y64          FDCE                                         r  u_crc/crc_out_reg[1]/C
  -------------------------------------------------------------------    -------------------
    SLICE_X1Y64          FDCE (Prop_fdce_C_Q)         0.141     1.660 r  u_crc/crc_out_reg[1]/Q
                         net (fo=2, routed)           0.124     1.784    u_crc/Q[1]
    SLICE_X1Y64          FDCE                                         r  u_crc/crc_out_reg[2]/D
  -------------------------------------------------------------------    -------------------

                         (clock sys_clk_pin rise edge)
                                                      0.000     0.000 r  
    E3                                                0.000     0.000 r  clk (IN)
                         net (fo=0)                   0.000     0.000    clk
    E3                   IBUF (Prop_ibuf_I_O)         0.438     0.438 r  clk_IBUF_inst/O
                         net (fo=1, routed)           0.699     1.136    clk_IBUF
    BUFGCTRL_X0Y16       BUFG (Prop_bufg_I_O)         0.029     1.165 r  clk_IBUF_BUFG_inst/O
                         net (fo=56, routed)          0.872     2.037    u_crc/clk_IBUF_BUFG
    SLICE_X1Y64          FDCE                                         r  u_crc/crc_out_reg[2]/C
                         clock pessimism             -0.517     1.519    
    SLICE_X1Y64          FDCE (Hold_fdce_C_D)         0.072     1.591    u_crc/crc_out_reg[2]
  -------------------------------------------------------------------
                         required time                         -1.591    
                         arrival time                           1.784    
  -------------------------------------------------------------------
                         slack                                  0.193    

Slack (MET) :             0.225ns  (arrival time - required time)
  Source:                 u_crc/crc_out_reg[4]/C
                            (rising edge-triggered cell FDCE clocked by sys_clk_pin  {rise@0.000ns fall@5.000ns period=10.000ns})
  Destination:            u_crc/crc_out_reg[5]/D
                            (rising edge-triggered cell FDCE clocked by sys_clk_pin  {rise@0.000ns fall@5.000ns period=10.000ns})
  Path Group:             sys_clk_pin
  Path Type:              Hold (Min at Fast Process Corner)
  Requirement:            0.000ns  (sys_clk_pin rise@0.000ns - sys_clk_pin rise@0.000ns)
  Data Path Delay:        0.247ns  (logic 0.128ns (51.736%)  route 0.119ns (48.264%))
  Logic Levels:           0  
  Clock Path Skew:        0.000ns (DCD - SCD - CPR)
    Destination Clock Delay (DCD):    2.037ns
    Source Clock Delay      (SCD):    1.519ns
    Clock Pessimism Removal (CPR):    0.517ns

    Location             Delay type                Incr(ns)  Path(ns)    Netlist Resource(s)
  -------------------------------------------------------------------    -------------------
                         (clock sys_clk_pin rise edge)
                                                      0.000     0.000 r  
    E3                                                0.000     0.000 r  clk (IN)
                         net (fo=0)                   0.000     0.000    clk
    E3                   IBUF (Prop_ibuf_I_O)         0.250     0.250 r  clk_IBUF_inst/O
                         net (fo=1, routed)           0.644     0.894    clk_IBUF
    BUFGCTRL_X0Y16       BUFG (Prop_bufg_I_O)         0.026     0.920 r  clk_IBUF_BUFG_inst/O
                         net (fo=56, routed)          0.600     1.519    u_crc/clk_IBUF_BUFG
    SLICE_X0Y63          FDCE                                         r  u_crc/crc_out_reg[4]/C
  -------------------------------------------------------------------    -------------------
    SLICE_X0Y63          FDCE (Prop_fdce_C_Q)         0.128     1.647 r  u_crc/crc_out_reg[4]/Q
                         net (fo=2, routed)           0.119     1.767    u_crc/Q[4]
    SLICE_X0Y63          FDCE                                         r  u_crc/crc_out_reg[5]/D
  -------------------------------------------------------------------    -------------------

                         (clock sys_clk_pin rise edge)
                                                      0.000     0.000 r  
    E3                                                0.000     0.000 r  clk (IN)
                         net (fo=0)                   0.000     0.000    clk
    E3                   IBUF (Prop_ibuf_I_O)         0.438     0.438 r  clk_IBUF_inst/O
                         net (fo=1, routed)           0.699     1.136    clk_IBUF
    BUFGCTRL_X0Y16       BUFG (Prop_bufg_I_O)         0.029     1.165 r  clk_IBUF_BUFG_inst/O
                         net (fo=56, routed)          0.872     2.037    u_crc/clk_IBUF_BUFG
    SLICE_X0Y63          FDCE                                         r  u_crc/crc_out_reg[5]/C
                         clock pessimism             -0.517     1.519    
    SLICE_X0Y63          FDCE (Hold_fdce_C_D)         0.022     1.541    u_crc/crc_out_reg[5]
  -------------------------------------------------------------------
                         required time                         -1.541    
                         arrival time                           1.767    
  -------------------------------------------------------------------
                         slack                                  0.225    

Slack (MET) :             0.227ns  (arrival time - required time)
  Source:                 u_crc/crc_out_reg[6]/C
                            (rising edge-triggered cell FDCE clocked by sys_clk_pin  {rise@0.000ns fall@5.000ns period=10.000ns})
  Destination:            u_crc/crc_out_reg[7]_lopt_replica/D
                            (rising edge-triggered cell FDCE clocked by sys_clk_pin  {rise@0.000ns fall@5.000ns period=10.000ns})
  Path Group:             sys_clk_pin
  Path Type:              Hold (Min at Fast Process Corner)
  Requirement:            0.000ns  (sys_clk_pin rise@0.000ns - sys_clk_pin rise@0.000ns)
  Data Path Delay:        0.332ns  (logic 0.186ns (55.985%)  route 0.146ns (44.015%))
  Logic Levels:           1  (LUT3=1)
  Clock Path Skew:        0.013ns (DCD - SCD - CPR)
    Destination Clock Delay (DCD):    2.038ns
    Source Clock Delay      (SCD):    1.520ns
    Clock Pessimism Removal (CPR):    0.504ns

    Location             Delay type                Incr(ns)  Path(ns)    Netlist Resource(s)
  -------------------------------------------------------------------    -------------------
                         (clock sys_clk_pin rise edge)
                                                      0.000     0.000 r  
    E3                                                0.000     0.000 r  clk (IN)
                         net (fo=0)                   0.000     0.000    clk
    E3                   IBUF (Prop_ibuf_I_O)         0.250     0.250 r  clk_IBUF_inst/O
                         net (fo=1, routed)           0.644     0.894    clk_IBUF
    BUFGCTRL_X0Y16       BUFG (Prop_bufg_I_O)         0.026     0.920 r  clk_IBUF_BUFG_inst/O
                         net (fo=56, routed)          0.601     1.520    u_crc/clk_IBUF_BUFG
    SLICE_X0Y62          FDCE                                         r  u_crc/crc_out_reg[6]/C
  -------------------------------------------------------------------    -------------------
    SLICE_X0Y62          FDCE (Prop_fdce_C_Q)         0.141     1.661 r  u_crc/crc_out_reg[6]/Q
                         net (fo=1, routed)           0.146     1.808    u_crc/Q[6]
    SLICE_X1Y62          LUT3 (Prop_lut3_I2_O)        0.045     1.853 r  u_crc/crc_out[7]_i_1/O
                         net (fo=2, routed)           0.000     1.853    u_crc/p_0_out[7]
    SLICE_X1Y62          FDCE                                         r  u_crc/crc_out_reg[7]_lopt_replica/D
  -------------------------------------------------------------------    -------------------

                         (clock sys_clk_pin rise edge)
                                                      0.000     0.000 r  
    E3                                                0.000     0.000 r  clk (IN)
                         net (fo=0)                   0.000     0.000    clk
    E3                   IBUF (Prop_ibuf_I_O)         0.438     0.438 r  clk_IBUF_inst/O
                         net (fo=1, routed)           0.699     1.136    clk_IBUF
    BUFGCTRL_X0Y16       BUFG (Prop_bufg_I_O)         0.029     1.165 r  clk_IBUF_BUFG_inst/O
                         net (fo=56, routed)          0.873     2.038    u_crc/clk_IBUF_BUFG
    SLICE_X1Y62          FDCE                                         r  u_crc/crc_out_reg[7]_lopt_replica/C
                         clock pessimism             -0.504     1.533    
    SLICE_X1Y62          FDCE (Hold_fdce_C_D)         0.092     1.625    u_crc/crc_out_reg[7]_lopt_replica
  -------------------------------------------------------------------
                         required time                         -1.625    
                         arrival time                           1.853    
  -------------------------------------------------------------------
                         slack                                  0.227    

Slack (MET) :             0.234ns  (arrival time - required time)
  Source:                 db_lock_reg/C
                            (rising edge-triggered cell FDCE clocked by sys_clk_pin  {rise@0.000ns fall@5.000ns period=10.000ns})
  Destination:            db_cnt_reg[12]/D
                            (rising edge-triggered cell FDCE clocked by sys_clk_pin  {rise@0.000ns fall@5.000ns period=10.000ns})
  Path Group:             sys_clk_pin
  Path Type:              Hold (Min at Fast Process Corner)
  Requirement:            0.000ns  (sys_clk_pin rise@0.000ns - sys_clk_pin rise@0.000ns)
  Data Path Delay:        0.381ns  (logic 0.190ns (49.826%)  route 0.191ns (50.174%))
  Logic Levels:           1  (LUT3=1)
  Clock Path Skew:        0.040ns (DCD - SCD - CPR)
    Destination Clock Delay (DCD):    2.041ns
    Source Clock Delay      (SCD):    1.521ns
    Clock Pessimism Removal (CPR):    0.479ns

    Location             Delay type                Incr(ns)  Path(ns)    Netlist Resource(s)
  -------------------------------------------------------------------    -------------------
                         (clock sys_clk_pin rise edge)
                                                      0.000     0.000 r  
    E3                                                0.000     0.000 r  clk (IN)
                         net (fo=0)                   0.000     0.000    clk
    E3                   IBUF (Prop_ibuf_I_O)         0.250     0.250 r  clk_IBUF_inst/O
                         net (fo=1, routed)           0.644     0.894    clk_IBUF
    BUFGCTRL_X0Y16       BUFG (Prop_bufg_I_O)         0.026     0.920 r  clk_IBUF_BUFG_inst/O
                         net (fo=56, routed)          0.602     1.521    clk_IBUF_BUFG
    SLICE_X4Y58          FDCE                                         r  db_lock_reg/C
  -------------------------------------------------------------------    -------------------
    SLICE_X4Y58          FDCE (Prop_fdce_C_Q)         0.141     1.662 r  db_lock_reg/Q
                         net (fo=24, routed)          0.191     1.854    db_lock_reg_n_0
    SLICE_X3Y58          LUT3 (Prop_lut3_I2_O)        0.049     1.903 r  db_cnt[12]_i_1/O
                         net (fo=1, routed)           0.000     1.903    db_cnt[12]_i_1_n_0
    SLICE_X3Y58          FDCE                                         r  db_cnt_reg[12]/D
  -------------------------------------------------------------------    -------------------

                         (clock sys_clk_pin rise edge)
                                                      0.000     0.000 r  
    E3                                                0.000     0.000 r  clk (IN)
                         net (fo=0)                   0.000     0.000    clk
    E3                   IBUF (Prop_ibuf_I_O)         0.438     0.438 r  clk_IBUF_inst/O
                         net (fo=1, routed)           0.699     1.136    clk_IBUF
    BUFGCTRL_X0Y16       BUFG (Prop_bufg_I_O)         0.029     1.165 r  clk_IBUF_BUFG_inst/O
                         net (fo=56, routed)          0.876     2.041    clk_IBUF_BUFG
    SLICE_X3Y58          FDCE                                         r  db_cnt_reg[12]/C
                         clock pessimism             -0.479     1.561    
    SLICE_X3Y58          FDCE (Hold_fdce_C_D)         0.107     1.668    db_cnt_reg[12]
  -------------------------------------------------------------------
                         required time                         -1.668    
                         arrival time                           1.903    
  -------------------------------------------------------------------
                         slack                                  0.234    

Slack (MET) :             0.245ns  (arrival time - required time)
  Source:                 db_lock_reg/C
                            (rising edge-triggered cell FDCE clocked by sys_clk_pin  {rise@0.000ns fall@5.000ns period=10.000ns})
  Destination:            db_cnt_reg[11]/D
                            (rising edge-triggered cell FDCE clocked by sys_clk_pin  {rise@0.000ns fall@5.000ns period=10.000ns})
  Path Group:             sys_clk_pin
  Path Type:              Hold (Min at Fast Process Corner)
  Requirement:            0.000ns  (sys_clk_pin rise@0.000ns - sys_clk_pin rise@0.000ns)
  Data Path Delay:        0.377ns  (logic 0.186ns (49.294%)  route 0.191ns (50.706%))
  Logic Levels:           1  (LUT3=1)
  Clock Path Skew:        0.040ns (DCD - SCD - CPR)
    Destination Clock Delay (DCD):    2.041ns
    Source Clock Delay      (SCD):    1.521ns
    Clock Pessimism Removal (CPR):    0.479ns

    Location             Delay type                Incr(ns)  Path(ns)    Netlist Resource(s)
  -------------------------------------------------------------------    -------------------
                         (clock sys_clk_pin rise edge)
                                                      0.000     0.000 r  
    E3                                                0.000     0.000 r  clk (IN)
                         net (fo=0)                   0.000     0.000    clk
    E3                   IBUF (Prop_ibuf_I_O)         0.250     0.250 r  clk_IBUF_inst/O
                         net (fo=1, routed)           0.644     0.894    clk_IBUF
    BUFGCTRL_X0Y16       BUFG (Prop_bufg_I_O)         0.026     0.920 r  clk_IBUF_BUFG_inst/O
                         net (fo=56, routed)          0.602     1.521    clk_IBUF_BUFG
    SLICE_X4Y58          FDCE                                         r  db_lock_reg/C
  -------------------------------------------------------------------    -------------------
    SLICE_X4Y58          FDCE (Prop_fdce_C_Q)         0.141     1.662 r  db_lock_reg/Q
                         net (fo=24, routed)          0.191     1.854    db_lock_reg_n_0
    SLICE_X3Y58          LUT3 (Prop_lut3_I2_O)        0.045     1.899 r  db_cnt[11]_i_1/O
                         net (fo=1, routed)           0.000     1.899    db_cnt[11]_i_1_n_0
    SLICE_X3Y58          FDCE                                         r  db_cnt_reg[11]/D
  -------------------------------------------------------------------    -------------------

                         (clock sys_clk_pin rise edge)
                                                      0.000     0.000 r  
    E3                                                0.000     0.000 r  clk (IN)
                         net (fo=0)                   0.000     0.000    clk
    E3                   IBUF (Prop_ibuf_I_O)         0.438     0.438 r  clk_IBUF_inst/O
                         net (fo=1, routed)           0.699     1.136    clk_IBUF
    BUFGCTRL_X0Y16       BUFG (Prop_bufg_I_O)         0.029     1.165 r  clk_IBUF_BUFG_inst/O
                         net (fo=56, routed)          0.876     2.041    clk_IBUF_BUFG
    SLICE_X3Y58          FDCE                                         r  db_cnt_reg[11]/C
                         clock pessimism             -0.479     1.561    
    SLICE_X3Y58          FDCE (Hold_fdce_C_D)         0.092     1.653    db_cnt_reg[11]
  -------------------------------------------------------------------
                         required time                         -1.653    
                         arrival time                           1.899    
  -------------------------------------------------------------------
                         slack                                  0.245    

Slack (MET) :             0.261ns  (arrival time - required time)
  Source:                 u_crc/crc_out_reg[10]/C
                            (rising edge-triggered cell FDCE clocked by sys_clk_pin  {rise@0.000ns fall@5.000ns period=10.000ns})
  Destination:            u_crc/crc_out_reg[11]/D
                            (rising edge-triggered cell FDCE clocked by sys_clk_pin  {rise@0.000ns fall@5.000ns period=10.000ns})
  Path Group:             sys_clk_pin
  Path Type:              Hold (Min at Fast Process Corner)
  Requirement:            0.000ns  (sys_clk_pin rise@0.000ns - sys_clk_pin rise@0.000ns)
  Data Path Delay:        0.321ns  (logic 0.141ns (43.941%)  route 0.180ns (56.059%))
  Logic Levels:           0  
  Clock Path Skew:        0.014ns (DCD - SCD - CPR)
    Destination Clock Delay (DCD):    2.037ns
    Source Clock Delay      (SCD):    1.520ns
    Clock Pessimism Removal (CPR):    0.502ns

    Location             Delay type                Incr(ns)  Path(ns)    Netlist Resource(s)
  -------------------------------------------------------------------    -------------------
                         (clock sys_clk_pin rise edge)
                                                      0.000     0.000 r  
    E3                                                0.000     0.000 r  clk (IN)
                         net (fo=0)                   0.000     0.000    clk
    E3                   IBUF (Prop_ibuf_I_O)         0.250     0.250 r  clk_IBUF_inst/O
                         net (fo=1, routed)           0.644     0.894    clk_IBUF
    BUFGCTRL_X0Y16       BUFG (Prop_bufg_I_O)         0.026     0.920 r  clk_IBUF_BUFG_inst/O
                         net (fo=56, routed)          0.601     1.520    u_crc/clk_IBUF_BUFG
    SLICE_X0Y62          FDCE                                         r  u_crc/crc_out_reg[10]/C
  -------------------------------------------------------------------    -------------------
    SLICE_X0Y62          FDCE (Prop_fdce_C_Q)         0.141     1.661 r  u_crc/crc_out_reg[10]/Q
                         net (fo=2, routed)           0.180     1.841    u_crc/Q[10]
    SLICE_X0Y63          FDCE                                         r  u_crc/crc_out_reg[11]/D
  -------------------------------------------------------------------    -------------------

                         (clock sys_clk_pin rise edge)
                                                      0.000     0.000 r  
    E3                                                0.000     0.000 r  clk (IN)
                         net (fo=0)                   0.000     0.000    clk
    E3                   IBUF (Prop_ibuf_I_O)         0.438     0.438 r  clk_IBUF_inst/O
                         net (fo=1, routed)           0.699     1.136    clk_IBUF
    BUFGCTRL_X0Y16       BUFG (Prop_bufg_I_O)         0.029     1.165 r  clk_IBUF_BUFG_inst/O
                         net (fo=56, routed)          0.872     2.037    u_crc/clk_IBUF_BUFG
    SLICE_X0Y63          FDCE                                         r  u_crc/crc_out_reg[11]/C
                         clock pessimism             -0.502     1.534    
    SLICE_X0Y63          FDCE (Hold_fdce_C_D)         0.046     1.580    u_crc/crc_out_reg[11]
  -------------------------------------------------------------------
                         required time                         -1.580    
                         arrival time                           1.841    
  -------------------------------------------------------------------
                         slack                                  0.261    

Slack (MET) :             0.280ns  (arrival time - required time)
  Source:                 led_activity_reg/C
                            (rising edge-triggered cell FDCE clocked by sys_clk_pin  {rise@0.000ns fall@5.000ns period=10.000ns})
  Destination:            led_activity_reg/D
                            (rising edge-triggered cell FDCE clocked by sys_clk_pin  {rise@0.000ns fall@5.000ns period=10.000ns})
  Path Group:             sys_clk_pin
  Path Type:              Hold (Min at Fast Process Corner)
  Requirement:            0.000ns  (sys_clk_pin rise@0.000ns - sys_clk_pin rise@0.000ns)
  Data Path Delay:        0.371ns  (logic 0.186ns (50.162%)  route 0.185ns (49.838%))
  Logic Levels:           1  (LUT1=1)
  Clock Path Skew:        0.000ns (DCD - SCD - CPR)
    Destination Clock Delay (DCD):    2.041ns
    Source Clock Delay      (SCD):    1.522ns
    Clock Pessimism Removal (CPR):    0.518ns

    Location             Delay type                Incr(ns)  Path(ns)    Netlist Resource(s)
  -------------------------------------------------------------------    -------------------
                         (clock sys_clk_pin rise edge)
                                                      0.000     0.000 r  
    E3                                                0.000     0.000 r  clk (IN)
                         net (fo=0)                   0.000     0.000    clk
    E3                   IBUF (Prop_ibuf_I_O)         0.250     0.250 r  clk_IBUF_inst/O
                         net (fo=1, routed)           0.644     0.894    clk_IBUF
    BUFGCTRL_X0Y16       BUFG (Prop_bufg_I_O)         0.026     0.920 r  clk_IBUF_BUFG_inst/O
                         net (fo=56, routed)          0.603     1.522    clk_IBUF_BUFG
    SLICE_X0Y57          FDCE                                         r  led_activity_reg/C
  -------------------------------------------------------------------    -------------------
    SLICE_X0Y57          FDCE (Prop_fdce_C_Q)         0.141     1.663 f  led_activity_reg/Q
                         net (fo=2, routed)           0.185     1.848    led_activity_OBUF
    SLICE_X0Y57          LUT1 (Prop_lut1_I0_O)        0.045     1.893 r  led_activity_i_1/O
                         net (fo=1, routed)           0.000     1.893    p_0_in
    SLICE_X0Y57          FDCE                                         r  led_activity_reg/D
  -------------------------------------------------------------------    -------------------

                         (clock sys_clk_pin rise edge)
                                                      0.000     0.000 r  
    E3                                                0.000     0.000 r  clk (IN)
                         net (fo=0)                   0.000     0.000    clk
    E3                   IBUF (Prop_ibuf_I_O)         0.438     0.438 r  clk_IBUF_inst/O
                         net (fo=1, routed)           0.699     1.136    clk_IBUF
    BUFGCTRL_X0Y16       BUFG (Prop_bufg_I_O)         0.029     1.165 r  clk_IBUF_BUFG_inst/O
                         net (fo=56, routed)          0.876     2.041    clk_IBUF_BUFG
    SLICE_X0Y57          FDCE                                         r  led_activity_reg/C
                         clock pessimism             -0.518     1.522    
    SLICE_X0Y57          FDCE (Hold_fdce_C_D)         0.091     1.613    led_activity_reg
  -------------------------------------------------------------------
                         required time                         -1.613    
                         arrival time                           1.893    
  -------------------------------------------------------------------
                         slack                                  0.280    

Slack (MET) :             0.282ns  (arrival time - required time)
  Source:                 u_crc/crc_out_reg[11]/C
                            (rising edge-triggered cell FDCE clocked by sys_clk_pin  {rise@0.000ns fall@5.000ns period=10.000ns})
  Destination:            u_crc/crc_out_reg[12]_lopt_replica/D
                            (rising edge-triggered cell FDCE clocked by sys_clk_pin  {rise@0.000ns fall@5.000ns period=10.000ns})
  Path Group:             sys_clk_pin
  Path Type:              Hold (Min at Fast Process Corner)
  Requirement:            0.000ns  (sys_clk_pin rise@0.000ns - sys_clk_pin rise@0.000ns)
  Data Path Delay:        0.329ns  (logic 0.141ns (42.912%)  route 0.188ns (57.088%))
  Logic Levels:           0  
  Clock Path Skew:        0.000ns (DCD - SCD - CPR)
    Destination Clock Delay (DCD):    2.037ns
    Source Clock Delay      (SCD):    1.519ns
    Clock Pessimism Removal (CPR):    0.517ns

    Location             Delay type                Incr(ns)  Path(ns)    Netlist Resource(s)
  -------------------------------------------------------------------    -------------------
                         (clock sys_clk_pin rise edge)
                                                      0.000     0.000 r  
    E3                                                0.000     0.000 r  clk (IN)
                         net (fo=0)                   0.000     0.000    clk
    E3                   IBUF (Prop_ibuf_I_O)         0.250     0.250 r  clk_IBUF_inst/O
                         net (fo=1, routed)           0.644     0.894    clk_IBUF
    BUFGCTRL_X0Y16       BUFG (Prop_bufg_I_O)         0.026     0.920 r  clk_IBUF_BUFG_inst/O
                         net (fo=56, routed)          0.600     1.519    u_crc/clk_IBUF_BUFG
    SLICE_X0Y63          FDCE                                         r  u_crc/crc_out_reg[11]/C
  -------------------------------------------------------------------    -------------------
    SLICE_X0Y63          FDCE (Prop_fdce_C_Q)         0.141     1.660 r  u_crc/crc_out_reg[11]/Q
                         net (fo=2, routed)           0.188     1.848    u_crc/Q[11]
    SLICE_X0Y63          FDCE                                         r  u_crc/crc_out_reg[12]_lopt_replica/D
  -------------------------------------------------------------------    -------------------

                         (clock sys_clk_pin rise edge)
                                                      0.000     0.000 r  
    E3                                                0.000     0.000 r  clk (IN)
                         net (fo=0)                   0.000     0.000    clk
    E3                   IBUF (Prop_ibuf_I_O)         0.438     0.438 r  clk_IBUF_inst/O
                         net (fo=1, routed)           0.699     1.136    clk_IBUF
    BUFGCTRL_X0Y16       BUFG (Prop_bufg_I_O)         0.029     1.165 r  clk_IBUF_BUFG_inst/O
                         net (fo=56, routed)          0.872     2.037    u_crc/clk_IBUF_BUFG
    SLICE_X0Y63          FDCE                                         r  u_crc/crc_out_reg[12]_lopt_replica/C
                         clock pessimism             -0.517     1.519    
    SLICE_X0Y63          FDCE (Hold_fdce_C_D)         0.047     1.566    u_crc/crc_out_reg[12]_lopt_replica
  -------------------------------------------------------------------
                         required time                         -1.566    
                         arrival time                           1.848    
  -------------------------------------------------------------------
                         slack                                  0.282    

Slack (MET) :             0.287ns  (arrival time - required time)
  Source:                 u_crc/crc_out_reg[4]/C
                            (rising edge-triggered cell FDCE clocked by sys_clk_pin  {rise@0.000ns fall@5.000ns period=10.000ns})
  Destination:            u_crc/crc_out_reg[5]_lopt_replica/D
                            (rising edge-triggered cell FDCE clocked by sys_clk_pin  {rise@0.000ns fall@5.000ns period=10.000ns})
  Path Group:             sys_clk_pin
  Path Type:              Hold (Min at Fast Process Corner)
  Requirement:            0.000ns  (sys_clk_pin rise@0.000ns - sys_clk_pin rise@0.000ns)
  Data Path Delay:        0.311ns  (logic 0.128ns (41.208%)  route 0.183ns (58.792%))
  Logic Levels:           0  
  Clock Path Skew:        0.000ns (DCD - SCD - CPR)
    Destination Clock Delay (DCD):    2.037ns
    Source Clock Delay      (SCD):    1.519ns
    Clock Pessimism Removal (CPR):    0.517ns

    Location             Delay type                Incr(ns)  Path(ns)    Netlist Resource(s)
  -------------------------------------------------------------------    -------------------
                         (clock sys_clk_pin rise edge)
                                                      0.000     0.000 r  
    E3                                                0.000     0.000 r  clk (IN)
                         net (fo=0)                   0.000     0.000    clk
    E3                   IBUF (Prop_ibuf_I_O)         0.250     0.250 r  clk_IBUF_inst/O
                         net (fo=1, routed)           0.644     0.894    clk_IBUF
    BUFGCTRL_X0Y16       BUFG (Prop_bufg_I_O)         0.026     0.920 r  clk_IBUF_BUFG_inst/O
                         net (fo=56, routed)          0.600     1.519    u_crc/clk_IBUF_BUFG
    SLICE_X0Y63          FDCE                                         r  u_crc/crc_out_reg[4]/C
  -------------------------------------------------------------------    -------------------
    SLICE_X0Y63          FDCE (Prop_fdce_C_Q)         0.128     1.647 r  u_crc/crc_out_reg[4]/Q
                         net (fo=2, routed)           0.183     1.830    u_crc/Q[4]
    SLICE_X0Y63          FDCE                                         r  u_crc/crc_out_reg[5]_lopt_replica/D
  -------------------------------------------------------------------    -------------------

                         (clock sys_clk_pin rise edge)
                                                      0.000     0.000 r  
    E3                                                0.000     0.000 r  clk (IN)
                         net (fo=0)                   0.000     0.000    clk
    E3                   IBUF (Prop_ibuf_I_O)         0.438     0.438 r  clk_IBUF_inst/O
                         net (fo=1, routed)           0.699     1.136    clk_IBUF
    BUFGCTRL_X0Y16       BUFG (Prop_bufg_I_O)         0.029     1.165 r  clk_IBUF_BUFG_inst/O
                         net (fo=56, routed)          0.872     2.037    u_crc/clk_IBUF_BUFG
    SLICE_X0Y63          FDCE                                         r  u_crc/crc_out_reg[5]_lopt_replica/C
                         clock pessimism             -0.517     1.519    
    SLICE_X0Y63          FDCE (Hold_fdce_C_D)         0.024     1.543    u_crc/crc_out_reg[5]_lopt_replica
  -------------------------------------------------------------------
                         required time                         -1.543    
                         arrival time                           1.830    
  -------------------------------------------------------------------
                         slack                                  0.287    





Pulse Width Checks
--------------------------------------------------------------------------------------
Clock Name:         sys_clk_pin
Waveform(ns):       { 0.000 5.000 }
Period(ns):         10.000
Sources:            { clk }

Check Type        Corner  Lib Pin  Reference Pin  Required(ns)  Actual(ns)  Slack(ns)  Location        Pin
Min Period        n/a     BUFG/I   n/a            2.155         10.000      7.845      BUFGCTRL_X0Y16  clk_IBUF_BUFG_inst/I
Min Period        n/a     FDCE/C   n/a            1.000         10.000      9.000      SLICE_X2Y57     bit_pulse_reg/C
Min Period        n/a     FDCE/C   n/a            1.000         10.000      9.000      SLICE_X4Y56     db_cnt_reg[0]/C
Min Period        n/a     FDCE/C   n/a            1.000         10.000      9.000      SLICE_X3Y58     db_cnt_reg[10]/C
Min Period        n/a     FDCE/C   n/a            1.000         10.000      9.000      SLICE_X3Y58     db_cnt_reg[11]/C
Min Period        n/a     FDCE/C   n/a            1.000         10.000      9.000      SLICE_X3Y58     db_cnt_reg[12]/C
Min Period        n/a     FDCE/C   n/a            1.000         10.000      9.000      SLICE_X3Y59     db_cnt_reg[13]/C
Min Period        n/a     FDCE/C   n/a            1.000         10.000      9.000      SLICE_X3Y59     db_cnt_reg[14]/C
Min Period        n/a     FDCE/C   n/a            1.000         10.000      9.000      SLICE_X3Y59     db_cnt_reg[15]/C
Min Period        n/a     FDCE/C   n/a            1.000         10.000      9.000      SLICE_X3Y59     db_cnt_reg[16]/C
Low Pulse Width   Slow    FDCE/C   n/a            0.500         5.000       4.500      SLICE_X2Y57     bit_pulse_reg/C
Low Pulse Width   Fast    FDCE/C   n/a            0.500         5.000       4.500      SLICE_X2Y57     bit_pulse_reg/C
Low Pulse Width   Slow    FDCE/C   n/a            0.500         5.000       4.500      SLICE_X4Y56     db_cnt_reg[0]/C
Low Pulse Width   Fast    FDCE/C   n/a            0.500         5.000       4.500      SLICE_X4Y56     db_cnt_reg[0]/C
Low Pulse Width   Slow    FDCE/C   n/a            0.500         5.000       4.500      SLICE_X3Y58     db_cnt_reg[10]/C
Low Pulse Width   Fast    FDCE/C   n/a            0.500         5.000       4.500      SLICE_X3Y58     db_cnt_reg[10]/C
Low Pulse Width   Slow    FDCE/C   n/a            0.500         5.000       4.500      SLICE_X3Y58     db_cnt_reg[11]/C
Low Pulse Width   Fast    FDCE/C   n/a            0.500         5.000       4.500      SLICE_X3Y58     db_cnt_reg[11]/C
Low Pulse Width   Slow    FDCE/C   n/a            0.500         5.000       4.500      SLICE_X3Y58     db_cnt_reg[12]/C
Low Pulse Width   Fast    FDCE/C   n/a            0.500         5.000       4.500      SLICE_X3Y58     db_cnt_reg[12]/C
High Pulse Width  Slow    FDCE/C   n/a            0.500         5.000       4.500      SLICE_X2Y57     bit_pulse_reg/C
High Pulse Width  Fast    FDCE/C   n/a            0.500         5.000       4.500      SLICE_X2Y57     bit_pulse_reg/C
High Pulse Width  Slow    FDCE/C   n/a            0.500         5.000       4.500      SLICE_X4Y56     db_cnt_reg[0]/C
High Pulse Width  Fast    FDCE/C   n/a            0.500         5.000       4.500      SLICE_X4Y56     db_cnt_reg[0]/C
High Pulse Width  Slow    FDCE/C   n/a            0.500         5.000       4.500      SLICE_X3Y58     db_cnt_reg[10]/C
High Pulse Width  Fast    FDCE/C   n/a            0.500         5.000       4.500      SLICE_X3Y58     db_cnt_reg[10]/C
High Pulse Width  Slow    FDCE/C   n/a            0.500         5.000       4.500      SLICE_X3Y58     db_cnt_reg[11]/C
High Pulse Width  Fast    FDCE/C   n/a            0.500         5.000       4.500      SLICE_X3Y58     db_cnt_reg[11]/C
High Pulse Width  Slow    FDCE/C   n/a            0.500         5.000       4.500      SLICE_X3Y58     db_cnt_reg[12]/C
High Pulse Width  Fast    FDCE/C   n/a            0.500         5.000       4.500      SLICE_X3Y58     db_cnt_reg[12]/C



--------------------------------------------------------------------------------------
Path Group:  (none)
From Clock:  sys_clk_pin
  To Clock:  

Max Delay            16 Endpoints
Min Delay            16 Endpoints
--------------------------------------------------------------------------------------


Max Delay Paths
--------------------------------------------------------------------------------------
Slack:                    inf
  Source:                 u_crc/crc_out_reg[2]_lopt_replica/C
                            (rising edge-triggered cell FDCE clocked by sys_clk_pin  {rise@0.000ns fall@5.000ns period=10.000ns})
  Destination:            led_crc[2]
                            (output port)
  Path Group:             (none)
  Path Type:              Max at Slow Process Corner
  Data Path Delay:        7.652ns  (logic 4.147ns (54.193%)  route 3.505ns (45.807%))
  Logic Levels:           1  (OBUF=1)
  Clock Uncertainty:      0.025ns  ((TSJ^2 + TIJ^2)^1/2 + DJ) / 2 + PE
    Total System Jitter     (TSJ):    0.050ns
    Total Input Jitter      (TIJ):    0.000ns
    Discrete Jitter          (DJ):    0.000ns
    Phase Error              (PE):    0.000ns

    Location             Delay type                Incr(ns)  Path(ns)    Netlist Resource(s)
  -------------------------------------------------------------------    -------------------
                         (clock sys_clk_pin rise edge)
                                                      0.000     0.000 r  
    E3                                                0.000     0.000 r  clk (IN)
                         net (fo=0)                   0.000     0.000    clk
    E3                   IBUF (Prop_ibuf_I_O)         1.482     1.482 r  clk_IBUF_inst/O
                         net (fo=1, routed)           2.025     3.506    clk_IBUF
    BUFGCTRL_X0Y16       BUFG (Prop_bufg_I_O)         0.096     3.602 r  clk_IBUF_BUFG_inst/O
                         net (fo=56, routed)          1.720     5.323    u_crc/clk_IBUF_BUFG
    SLICE_X1Y64          FDCE                                         r  u_crc/crc_out_reg[2]_lopt_replica/C
  -------------------------------------------------------------------    -------------------
    SLICE_X1Y64          FDCE (Prop_fdce_C_Q)         0.419     5.742 r  u_crc/crc_out_reg[2]_lopt_replica/Q
                         net (fo=1, routed)           3.505     9.247    lopt_6
    J13                  OBUF (Prop_obuf_I_O)         3.728    12.974 r  led_crc_OBUF[2]_inst/O
                         net (fo=0)                   0.000    12.974    led_crc[2]
    J13                                                               r  led_crc[2] (OUT)
  -------------------------------------------------------------------    -------------------

Slack:                    inf
  Source:                 u_crc/crc_out_reg[1]_lopt_replica/C
                            (rising edge-triggered cell FDCE clocked by sys_clk_pin  {rise@0.000ns fall@5.000ns period=10.000ns})
  Destination:            led_crc[1]
                            (output port)
  Path Group:             (none)
  Path Type:              Max at Slow Process Corner
  Data Path Delay:        7.039ns  (logic 3.991ns (56.704%)  route 3.048ns (43.296%))
  Logic Levels:           1  (OBUF=1)
  Clock Uncertainty:      0.025ns  ((TSJ^2 + TIJ^2)^1/2 + DJ) / 2 + PE
    Total System Jitter     (TSJ):    0.050ns
    Total Input Jitter      (TIJ):    0.000ns
    Discrete Jitter          (DJ):    0.000ns
    Phase Error              (PE):    0.000ns

    Location             Delay type                Incr(ns)  Path(ns)    Netlist Resource(s)
  -------------------------------------------------------------------    -------------------
                         (clock sys_clk_pin rise edge)
                                                      0.000     0.000 r  
    E3                                                0.000     0.000 r  clk (IN)
                         net (fo=0)                   0.000     0.000    clk
    E3                   IBUF (Prop_ibuf_I_O)         1.482     1.482 r  clk_IBUF_inst/O
                         net (fo=1, routed)           2.025     3.506    clk_IBUF
    BUFGCTRL_X0Y16       BUFG (Prop_bufg_I_O)         0.096     3.602 r  clk_IBUF_BUFG_inst/O
                         net (fo=56, routed)          1.720     5.323    u_crc/clk_IBUF_BUFG
    SLICE_X1Y64          FDCE                                         r  u_crc/crc_out_reg[1]_lopt_replica/C
  -------------------------------------------------------------------    -------------------
    SLICE_X1Y64          FDCE (Prop_fdce_C_Q)         0.456     5.779 r  u_crc/crc_out_reg[1]_lopt_replica/Q
                         net (fo=1, routed)           3.048     8.826    lopt_5
    K15                  OBUF (Prop_obuf_I_O)         3.535    12.361 r  led_crc_OBUF[1]_inst/O
                         net (fo=0)                   0.000    12.361    led_crc[1]
    K15                                                               r  led_crc[1] (OUT)
  -------------------------------------------------------------------    -------------------

Slack:                    inf
  Source:                 u_crc/crc_out_reg[0]_lopt_replica/C
                            (rising edge-triggered cell FDCE clocked by sys_clk_pin  {rise@0.000ns fall@5.000ns period=10.000ns})
  Destination:            led_crc[0]
                            (output port)
  Path Group:             (none)
  Path Type:              Max at Slow Process Corner
  Data Path Delay:        6.932ns  (logic 3.976ns (57.366%)  route 2.955ns (42.634%))
  Logic Levels:           1  (OBUF=1)
  Clock Uncertainty:      0.025ns  ((TSJ^2 + TIJ^2)^1/2 + DJ) / 2 + PE
    Total System Jitter     (TSJ):    0.050ns
    Total Input Jitter      (TIJ):    0.000ns
    Discrete Jitter          (DJ):    0.000ns
    Phase Error              (PE):    0.000ns

    Location             Delay type                Incr(ns)  Path(ns)    Netlist Resource(s)
  -------------------------------------------------------------------    -------------------
                         (clock sys_clk_pin rise edge)
                                                      0.000     0.000 r  
    E3                                                0.000     0.000 r  clk (IN)
                         net (fo=0)                   0.000     0.000    clk
    E3                   IBUF (Prop_ibuf_I_O)         1.482     1.482 r  clk_IBUF_inst/O
                         net (fo=1, routed)           2.025     3.506    clk_IBUF
    BUFGCTRL_X0Y16       BUFG (Prop_bufg_I_O)         0.096     3.602 r  clk_IBUF_BUFG_inst/O
                         net (fo=56, routed)          1.720     5.323    u_crc/clk_IBUF_BUFG
    SLICE_X0Y64          FDCE                                         r  u_crc/crc_out_reg[0]_lopt_replica/C
  -------------------------------------------------------------------    -------------------
    SLICE_X0Y64          FDCE (Prop_fdce_C_Q)         0.456     5.779 r  u_crc/crc_out_reg[0]_lopt_replica/Q
                         net (fo=1, routed)           2.955     8.734    lopt
    H17                  OBUF (Prop_obuf_I_O)         3.520    12.254 r  led_crc_OBUF[0]_inst/O
                         net (fo=0)                   0.000    12.254    led_crc[0]
    H17                                                               r  led_crc[0] (OUT)
  -------------------------------------------------------------------    -------------------

Slack:                    inf
  Source:                 u_crc/crc_out_reg[4]_lopt_replica/C
                            (rising edge-triggered cell FDCE clocked by sys_clk_pin  {rise@0.000ns fall@5.000ns period=10.000ns})
  Destination:            led_crc[4]
                            (output port)
  Path Group:             (none)
  Path Type:              Max at Slow Process Corner
  Data Path Delay:        6.637ns  (logic 4.143ns (62.415%)  route 2.495ns (37.585%))
  Logic Levels:           1  (OBUF=1)
  Clock Uncertainty:      0.025ns  ((TSJ^2 + TIJ^2)^1/2 + DJ) / 2 + PE
    Total System Jitter     (TSJ):    0.050ns
    Total Input Jitter      (TIJ):    0.000ns
    Discrete Jitter          (DJ):    0.000ns
    Phase Error              (PE):    0.000ns

    Location             Delay type                Incr(ns)  Path(ns)    Netlist Resource(s)
  -------------------------------------------------------------------    -------------------
                         (clock sys_clk_pin rise edge)
                                                      0.000     0.000 r  
    E3                                                0.000     0.000 r  clk (IN)
                         net (fo=0)                   0.000     0.000    clk
    E3                   IBUF (Prop_ibuf_I_O)         1.482     1.482 r  clk_IBUF_inst/O
                         net (fo=1, routed)           2.025     3.506    clk_IBUF
    BUFGCTRL_X0Y16       BUFG (Prop_bufg_I_O)         0.096     3.602 r  clk_IBUF_BUFG_inst/O
                         net (fo=56, routed)          1.720     5.323    u_crc/clk_IBUF_BUFG
    SLICE_X0Y63          FDCE                                         r  u_crc/crc_out_reg[4]_lopt_replica/C
  -------------------------------------------------------------------    -------------------
    SLICE_X0Y63          FDCE (Prop_fdce_C_Q)         0.419     5.742 r  u_crc/crc_out_reg[4]_lopt_replica/Q
                         net (fo=1, routed)           2.495     8.236    lopt_8
    R18                  OBUF (Prop_obuf_I_O)         3.724    11.960 r  led_crc_OBUF[4]_inst/O
                         net (fo=0)                   0.000    11.960    led_crc[4]
    R18                                                               r  led_crc[4] (OUT)
  -------------------------------------------------------------------    -------------------

Slack:                    inf
  Source:                 u_crc/crc_out_reg[3]_lopt_replica/C
                            (rising edge-triggered cell FDCE clocked by sys_clk_pin  {rise@0.000ns fall@5.000ns period=10.000ns})
  Destination:            led_crc[3]
                            (output port)
  Path Group:             (none)
  Path Type:              Max at Slow Process Corner
  Data Path Delay:        6.507ns  (logic 4.007ns (61.571%)  route 2.501ns (38.429%))
  Logic Levels:           1  (OBUF=1)
  Clock Uncertainty:      0.025ns  ((TSJ^2 + TIJ^2)^1/2 + DJ) / 2 + PE
    Total System Jitter     (TSJ):    0.050ns
    Total Input Jitter      (TIJ):    0.000ns
    Discrete Jitter          (DJ):    0.000ns
    Phase Error              (PE):    0.000ns

    Location             Delay type                Incr(ns)  Path(ns)    Netlist Resource(s)
  -------------------------------------------------------------------    -------------------
                         (clock sys_clk_pin rise edge)
                                                      0.000     0.000 r  
    E3                                                0.000     0.000 r  clk (IN)
                         net (fo=0)                   0.000     0.000    clk
    E3                   IBUF (Prop_ibuf_I_O)         1.482     1.482 r  clk_IBUF_inst/O
                         net (fo=1, routed)           2.025     3.506    clk_IBUF
    BUFGCTRL_X0Y16       BUFG (Prop_bufg_I_O)         0.096     3.602 r  clk_IBUF_BUFG_inst/O
                         net (fo=56, routed)          1.720     5.323    u_crc/clk_IBUF_BUFG
    SLICE_X0Y63          FDCE                                         r  u_crc/crc_out_reg[3]_lopt_replica/C
  -------------------------------------------------------------------    -------------------
    SLICE_X0Y63          FDCE (Prop_fdce_C_Q)         0.456     5.779 r  u_crc/crc_out_reg[3]_lopt_replica/Q
                         net (fo=1, routed)           2.501     8.279    lopt_7
    N14                  OBUF (Prop_obuf_I_O)         3.551    11.830 r  led_crc_OBUF[3]_inst/O
                         net (fo=0)                   0.000    11.830    led_crc[3]
    N14                                                               r  led_crc[3] (OUT)
  -------------------------------------------------------------------    -------------------

Slack:                    inf
  Source:                 u_crc/crc_out_reg[8]_lopt_replica/C
                            (rising edge-triggered cell FDCE clocked by sys_clk_pin  {rise@0.000ns fall@5.000ns period=10.000ns})
  Destination:            led_crc[8]
                            (output port)
  Path Group:             (none)
  Path Type:              Max at Slow Process Corner
  Data Path Delay:        6.009ns  (logic 4.139ns (68.879%)  route 1.870ns (31.121%))
  Logic Levels:           1  (OBUF=1)
  Clock Uncertainty:      0.025ns  ((TSJ^2 + TIJ^2)^1/2 + DJ) / 2 + PE
    Total System Jitter     (TSJ):    0.050ns
    Total Input Jitter      (TIJ):    0.000ns
    Discrete Jitter          (DJ):    0.000ns
    Phase Error              (PE):    0.000ns

    Location             Delay type                Incr(ns)  Path(ns)    Netlist Resource(s)
  -------------------------------------------------------------------    -------------------
                         (clock sys_clk_pin rise edge)
                                                      0.000     0.000 r  
    E3                                                0.000     0.000 r  clk (IN)
                         net (fo=0)                   0.000     0.000    clk
    E3                   IBUF (Prop_ibuf_I_O)         1.482     1.482 r  clk_IBUF_inst/O
                         net (fo=1, routed)           2.025     3.506    clk_IBUF
    BUFGCTRL_X0Y16       BUFG (Prop_bufg_I_O)         0.096     3.602 r  clk_IBUF_BUFG_inst/O
                         net (fo=56, routed)          1.720     5.323    u_crc/clk_IBUF_BUFG
    SLICE_X1Y64          FDCE                                         r  u_crc/crc_out_reg[8]_lopt_replica/C
  -------------------------------------------------------------------    -------------------
    SLICE_X1Y64          FDCE (Prop_fdce_C_Q)         0.419     5.742 r  u_crc/crc_out_reg[8]_lopt_replica/Q
                         net (fo=1, routed)           1.870     7.612    lopt_12
    V16                  OBUF (Prop_obuf_I_O)         3.720    11.331 r  led_crc_OBUF[8]_inst/O
                         net (fo=0)                   0.000    11.331    led_crc[8]
    V16                                                               r  led_crc[8] (OUT)
  -------------------------------------------------------------------    -------------------

Slack:                    inf
  Source:                 u_crc/crc_out_reg[13]_lopt_replica/C
                            (rising edge-triggered cell FDCE clocked by sys_clk_pin  {rise@0.000ns fall@5.000ns period=10.000ns})
  Destination:            led_crc[13]
                            (output port)
  Path Group:             (none)
  Path Type:              Max at Slow Process Corner
  Data Path Delay:        5.933ns  (logic 4.072ns (68.630%)  route 1.861ns (31.370%))
  Logic Levels:           1  (OBUF=1)
  Clock Uncertainty:      0.025ns  ((TSJ^2 + TIJ^2)^1/2 + DJ) / 2 + PE
    Total System Jitter     (TSJ):    0.050ns
    Total Input Jitter      (TIJ):    0.000ns
    Discrete Jitter          (DJ):    0.000ns
    Phase Error              (PE):    0.000ns

    Location             Delay type                Incr(ns)  Path(ns)    Netlist Resource(s)
  -------------------------------------------------------------------    -------------------
                         (clock sys_clk_pin rise edge)
                                                      0.000     0.000 r  
    E3                                                0.000     0.000 r  clk (IN)
                         net (fo=0)                   0.000     0.000    clk
    E3                   IBUF (Prop_ibuf_I_O)         1.482     1.482 r  clk_IBUF_inst/O
                         net (fo=1, routed)           2.025     3.506    clk_IBUF
    BUFGCTRL_X0Y16       BUFG (Prop_bufg_I_O)         0.096     3.602 r  clk_IBUF_BUFG_inst/O
                         net (fo=56, routed)          1.723     5.326    u_crc/clk_IBUF_BUFG
    SLICE_X2Y60          FDCE                                         r  u_crc/crc_out_reg[13]_lopt_replica/C
  -------------------------------------------------------------------    -------------------
    SLICE_X2Y60          FDCE (Prop_fdce_C_Q)         0.518     5.844 r  u_crc/crc_out_reg[13]_lopt_replica/Q
                         net (fo=1, routed)           1.861     7.705    lopt_4
    V14                  OBUF (Prop_obuf_I_O)         3.554    11.259 r  led_crc_OBUF[13]_inst/O
                         net (fo=0)                   0.000    11.259    led_crc[13]
    V14                                                               r  led_crc[13] (OUT)
  -------------------------------------------------------------------    -------------------

Slack:                    inf
  Source:                 u_crc/crc_out_reg[10]_lopt_replica/C
                            (rising edge-triggered cell FDCE clocked by sys_clk_pin  {rise@0.000ns fall@5.000ns period=10.000ns})
  Destination:            led_crc[10]
                            (output port)
  Path Group:             (none)
  Path Type:              Max at Slow Process Corner
  Data Path Delay:        5.878ns  (logic 4.008ns (68.188%)  route 1.870ns (31.812%))
  Logic Levels:           1  (OBUF=1)
  Clock Uncertainty:      0.025ns  ((TSJ^2 + TIJ^2)^1/2 + DJ) / 2 + PE
    Total System Jitter     (TSJ):    0.050ns
    Total Input Jitter      (TIJ):    0.000ns
    Discrete Jitter          (DJ):    0.000ns
    Phase Error              (PE):    0.000ns

    Location             Delay type                Incr(ns)  Path(ns)    Netlist Resource(s)
  -------------------------------------------------------------------    -------------------
                         (clock sys_clk_pin rise edge)
                                                      0.000     0.000 r  
    E3                                                0.000     0.000 r  clk (IN)
                         net (fo=0)                   0.000     0.000    clk
    E3                   IBUF (Prop_ibuf_I_O)         1.482     1.482 r  clk_IBUF_inst/O
                         net (fo=1, routed)           2.025     3.506    clk_IBUF
    BUFGCTRL_X0Y16       BUFG (Prop_bufg_I_O)         0.096     3.602 r  clk_IBUF_BUFG_inst/O
                         net (fo=56, routed)          1.723     5.326    u_crc/clk_IBUF_BUFG
    SLICE_X0Y60          FDCE                                         r  u_crc/crc_out_reg[10]_lopt_replica/C
  -------------------------------------------------------------------    -------------------
    SLICE_X0Y60          FDCE (Prop_fdce_C_Q)         0.456     5.782 r  u_crc/crc_out_reg[10]_lopt_replica/Q
                         net (fo=1, routed)           1.870     7.652    lopt_1
    U14                  OBUF (Prop_obuf_I_O)         3.552    11.204 r  led_crc_OBUF[10]_inst/O
                         net (fo=0)                   0.000    11.204    led_crc[10]
    U14                                                               r  led_crc[10] (OUT)
  -------------------------------------------------------------------    -------------------

Slack:                    inf
  Source:                 u_crc/crc_out_reg[9]_lopt_replica/C
                            (rising edge-triggered cell FDCE clocked by sys_clk_pin  {rise@0.000ns fall@5.000ns period=10.000ns})
  Destination:            led_crc[9]
                            (output port)
  Path Group:             (none)
  Path Type:              Max at Slow Process Corner
  Data Path Delay:        5.877ns  (logic 4.010ns (68.242%)  route 1.866ns (31.758%))
  Logic Levels:           1  (OBUF=1)
  Clock Uncertainty:      0.025ns  ((TSJ^2 + TIJ^2)^1/2 + DJ) / 2 + PE
    Total System Jitter     (TSJ):    0.050ns
    Total Input Jitter      (TIJ):    0.000ns
    Discrete Jitter          (DJ):    0.000ns
    Phase Error              (PE):    0.000ns

    Location             Delay type                Incr(ns)  Path(ns)    Netlist Resource(s)
  -------------------------------------------------------------------    -------------------
                         (clock sys_clk_pin rise edge)
                                                      0.000     0.000 r  
    E3                                                0.000     0.000 r  clk (IN)
                         net (fo=0)                   0.000     0.000    clk
    E3                   IBUF (Prop_ibuf_I_O)         1.482     1.482 r  clk_IBUF_inst/O
                         net (fo=1, routed)           2.025     3.506    clk_IBUF
    BUFGCTRL_X0Y16       BUFG (Prop_bufg_I_O)         0.096     3.602 r  clk_IBUF_BUFG_inst/O
                         net (fo=56, routed)          1.720     5.323    u_crc/clk_IBUF_BUFG
    SLICE_X0Y64          FDCE                                         r  u_crc/crc_out_reg[9]_lopt_replica/C
  -------------------------------------------------------------------    -------------------
    SLICE_X0Y64          FDCE (Prop_fdce_C_Q)         0.456     5.779 r  u_crc/crc_out_reg[9]_lopt_replica/Q
                         net (fo=1, routed)           1.866     7.645    lopt_13
    T15                  OBUF (Prop_obuf_I_O)         3.554    11.199 r  led_crc_OBUF[9]_inst/O
                         net (fo=0)                   0.000    11.199    led_crc[9]
    T15                                                               r  led_crc[9] (OUT)
  -------------------------------------------------------------------    -------------------

Slack:                    inf
  Source:                 u_crc/crc_out_reg[5]_lopt_replica/C
                            (rising edge-triggered cell FDCE clocked by sys_clk_pin  {rise@0.000ns fall@5.000ns period=10.000ns})
  Destination:            led_crc[5]
                            (output port)
  Path Group:             (none)
  Path Type:              Max at Slow Process Corner
  Data Path Delay:        5.838ns  (logic 4.146ns (71.009%)  route 1.693ns (28.991%))
  Logic Levels:           1  (OBUF=1)
  Clock Uncertainty:      0.025ns  ((TSJ^2 + TIJ^2)^1/2 + DJ) / 2 + PE
    Total System Jitter     (TSJ):    0.050ns
    Total Input Jitter      (TIJ):    0.000ns
    Discrete Jitter          (DJ):    0.000ns
    Phase Error              (PE):    0.000ns

    Location             Delay type                Incr(ns)  Path(ns)    Netlist Resource(s)
  -------------------------------------------------------------------    -------------------
                         (clock sys_clk_pin rise edge)
                                                      0.000     0.000 r  
    E3                                                0.000     0.000 r  clk (IN)
                         net (fo=0)                   0.000     0.000    clk
    E3                   IBUF (Prop_ibuf_I_O)         1.482     1.482 r  clk_IBUF_inst/O
                         net (fo=1, routed)           2.025     3.506    clk_IBUF
    BUFGCTRL_X0Y16       BUFG (Prop_bufg_I_O)         0.096     3.602 r  clk_IBUF_BUFG_inst/O
                         net (fo=56, routed)          1.720     5.323    u_crc/clk_IBUF_BUFG
    SLICE_X0Y63          FDCE                                         r  u_crc/crc_out_reg[5]_lopt_replica/C
  -------------------------------------------------------------------    -------------------
    SLICE_X0Y63          FDCE (Prop_fdce_C_Q)         0.419     5.742 r  u_crc/crc_out_reg[5]_lopt_replica/Q
                         net (fo=1, routed)           1.693     7.434    lopt_9
    V17                  OBUF (Prop_obuf_I_O)         3.727    11.161 r  led_crc_OBUF[5]_inst/O
                         net (fo=0)                   0.000    11.161    led_crc[5]
    V17                                                               r  led_crc[5] (OUT)
  -------------------------------------------------------------------    -------------------





Min Delay Paths
--------------------------------------------------------------------------------------
Slack:                    inf
  Source:                 led_activity_reg/C
                            (rising edge-triggered cell FDCE clocked by sys_clk_pin  {rise@0.000ns fall@5.000ns period=10.000ns})
  Destination:            led_activity
                            (output port)
  Path Group:             (none)
  Path Type:              Min at Fast Process Corner
  Data Path Delay:        1.708ns  (logic 1.410ns (82.595%)  route 0.297ns (17.405%))
  Logic Levels:           1  (OBUF=1)
  Clock Uncertainty:      0.025ns  ((TSJ^2 + TIJ^2)^1/2 + DJ) / 2 + PE
    Total System Jitter     (TSJ):    0.050ns
    Total Input Jitter      (TIJ):    0.000ns
    Discrete Jitter          (DJ):    0.000ns
    Phase Error              (PE):    0.000ns

    Location             Delay type                Incr(ns)  Path(ns)    Netlist Resource(s)
  -------------------------------------------------------------------    -------------------
                         (clock sys_clk_pin rise edge)
                                                      0.000     0.000 r  
    E3                                                0.000     0.000 r  clk (IN)
                         net (fo=0)                   0.000     0.000    clk
    E3                   IBUF (Prop_ibuf_I_O)         0.250     0.250 r  clk_IBUF_inst/O
                         net (fo=1, routed)           0.644     0.894    clk_IBUF
    BUFGCTRL_X0Y16       BUFG (Prop_bufg_I_O)         0.026     0.920 r  clk_IBUF_BUFG_inst/O
                         net (fo=56, routed)          0.603     1.522    clk_IBUF_BUFG
    SLICE_X0Y57          FDCE                                         r  led_activity_reg/C
  -------------------------------------------------------------------    -------------------
    SLICE_X0Y57          FDCE (Prop_fdce_C_Q)         0.141     1.663 r  led_activity_reg/Q
                         net (fo=2, routed)           0.297     1.961    led_activity_OBUF
    V11                  OBUF (Prop_obuf_I_O)         1.269     3.230 r  led_activity_OBUF_inst/O
                         net (fo=0)                   0.000     3.230    led_activity
    V11                                                               r  led_activity (OUT)
  -------------------------------------------------------------------    -------------------

Slack:                    inf
  Source:                 u_crc/crc_out_reg[11]_lopt_replica/C
                            (rising edge-triggered cell FDCE clocked by sys_clk_pin  {rise@0.000ns fall@5.000ns period=10.000ns})
  Destination:            led_crc[11]
                            (output port)
  Path Group:             (none)
  Path Type:              Min at Fast Process Corner
  Data Path Delay:        1.726ns  (logic 1.373ns (79.580%)  route 0.352ns (20.420%))
  Logic Levels:           1  (OBUF=1)
  Clock Uncertainty:      0.025ns  ((TSJ^2 + TIJ^2)^1/2 + DJ) / 2 + PE
    Total System Jitter     (TSJ):    0.050ns
    Total Input Jitter      (TIJ):    0.000ns
    Discrete Jitter          (DJ):    0.000ns
    Phase Error              (PE):    0.000ns

    Location             Delay type                Incr(ns)  Path(ns)    Netlist Resource(s)
  -------------------------------------------------------------------    -------------------
                         (clock sys_clk_pin rise edge)
                                                      0.000     0.000 r  
    E3                                                0.000     0.000 r  clk (IN)
                         net (fo=0)                   0.000     0.000    clk
    E3                   IBUF (Prop_ibuf_I_O)         0.250     0.250 r  clk_IBUF_inst/O
                         net (fo=1, routed)           0.644     0.894    clk_IBUF
    BUFGCTRL_X0Y16       BUFG (Prop_bufg_I_O)         0.026     0.920 r  clk_IBUF_BUFG_inst/O
                         net (fo=56, routed)          0.600     1.519    u_crc/clk_IBUF_BUFG
    SLICE_X0Y64          FDCE                                         r  u_crc/crc_out_reg[11]_lopt_replica/C
  -------------------------------------------------------------------    -------------------
    SLICE_X0Y64          FDCE (Prop_fdce_C_Q)         0.141     1.660 r  u_crc/crc_out_reg[11]_lopt_replica/Q
                         net (fo=1, routed)           0.352     2.013    lopt_2
    T16                  OBUF (Prop_obuf_I_O)         1.232     3.245 r  led_crc_OBUF[11]_inst/O
                         net (fo=0)                   0.000     3.245    led_crc[11]
    T16                                                               r  led_crc[11] (OUT)
  -------------------------------------------------------------------    -------------------

Slack:                    inf
  Source:                 u_crc/crc_out_reg[7]_lopt_replica/C
                            (rising edge-triggered cell FDCE clocked by sys_clk_pin  {rise@0.000ns fall@5.000ns period=10.000ns})
  Destination:            led_crc[7]
                            (output port)
  Path Group:             (none)
  Path Type:              Min at Fast Process Corner
  Data Path Delay:        1.740ns  (logic 1.397ns (80.302%)  route 0.343ns (19.698%))
  Logic Levels:           1  (OBUF=1)
  Clock Uncertainty:      0.025ns  ((TSJ^2 + TIJ^2)^1/2 + DJ) / 2 + PE
    Total System Jitter     (TSJ):    0.050ns
    Total Input Jitter      (TIJ):    0.000ns
    Discrete Jitter          (DJ):    0.000ns
    Phase Error              (PE):    0.000ns

    Location             Delay type                Incr(ns)  Path(ns)    Netlist Resource(s)
  -------------------------------------------------------------------    -------------------
                         (clock sys_clk_pin rise edge)
                                                      0.000     0.000 r  
    E3                                                0.000     0.000 r  clk (IN)
                         net (fo=0)                   0.000     0.000    clk
    E3                   IBUF (Prop_ibuf_I_O)         0.250     0.250 r  clk_IBUF_inst/O
                         net (fo=1, routed)           0.644     0.894    clk_IBUF
    BUFGCTRL_X0Y16       BUFG (Prop_bufg_I_O)         0.026     0.920 r  clk_IBUF_BUFG_inst/O
                         net (fo=56, routed)          0.601     1.520    u_crc/clk_IBUF_BUFG
    SLICE_X1Y62          FDCE                                         r  u_crc/crc_out_reg[7]_lopt_replica/C
  -------------------------------------------------------------------    -------------------
    SLICE_X1Y62          FDCE (Prop_fdce_C_Q)         0.141     1.661 r  u_crc/crc_out_reg[7]_lopt_replica/Q
                         net (fo=1, routed)           0.343     2.004    lopt_11
    U16                  OBUF (Prop_obuf_I_O)         1.256     3.260 r  led_crc_OBUF[7]_inst/O
                         net (fo=0)                   0.000     3.260    led_crc[7]
    U16                                                               r  led_crc[7] (OUT)
  -------------------------------------------------------------------    -------------------

Slack:                    inf
  Source:                 u_crc/crc_out_reg[12]_lopt_replica/C
                            (rising edge-triggered cell FDCE clocked by sys_clk_pin  {rise@0.000ns fall@5.000ns period=10.000ns})
  Destination:            led_crc[12]
                            (output port)
  Path Group:             (none)
  Path Type:              Min at Fast Process Corner
  Data Path Delay:        1.746ns  (logic 1.393ns (79.816%)  route 0.352ns (20.184%))
  Logic Levels:           1  (OBUF=1)
  Clock Uncertainty:      0.025ns  ((TSJ^2 + TIJ^2)^1/2 + DJ) / 2 + PE
    Total System Jitter     (TSJ):    0.050ns
    Total Input Jitter      (TIJ):    0.000ns
    Discrete Jitter          (DJ):    0.000ns
    Phase Error              (PE):    0.000ns

    Location             Delay type                Incr(ns)  Path(ns)    Netlist Resource(s)
  -------------------------------------------------------------------    -------------------
                         (clock sys_clk_pin rise edge)
                                                      0.000     0.000 r  
    E3                                                0.000     0.000 r  clk (IN)
                         net (fo=0)                   0.000     0.000    clk
    E3                   IBUF (Prop_ibuf_I_O)         0.250     0.250 r  clk_IBUF_inst/O
                         net (fo=1, routed)           0.644     0.894    clk_IBUF
    BUFGCTRL_X0Y16       BUFG (Prop_bufg_I_O)         0.026     0.920 r  clk_IBUF_BUFG_inst/O
                         net (fo=56, routed)          0.600     1.519    u_crc/clk_IBUF_BUFG
    SLICE_X0Y63          FDCE                                         r  u_crc/crc_out_reg[12]_lopt_replica/C
  -------------------------------------------------------------------    -------------------
    SLICE_X0Y63          FDCE (Prop_fdce_C_Q)         0.141     1.660 r  u_crc/crc_out_reg[12]_lopt_replica/Q
                         net (fo=1, routed)           0.352     2.013    lopt_3
    V15                  OBUF (Prop_obuf_I_O)         1.252     3.265 r  led_crc_OBUF[12]_inst/O
                         net (fo=0)                   0.000     3.265    led_crc[12]
    V15                                                               r  led_crc[12] (OUT)
  -------------------------------------------------------------------    -------------------

Slack:                    inf
  Source:                 u_crc/crc_out_reg[6]_lopt_replica/C
                            (rising edge-triggered cell FDCE clocked by sys_clk_pin  {rise@0.000ns fall@5.000ns period=10.000ns})
  Destination:            led_crc[6]
                            (output port)
  Path Group:             (none)
  Path Type:              Min at Fast Process Corner
  Data Path Delay:        1.790ns  (logic 1.397ns (78.019%)  route 0.393ns (21.981%))
  Logic Levels:           1  (OBUF=1)
  Clock Uncertainty:      0.025ns  ((TSJ^2 + TIJ^2)^1/2 + DJ) / 2 + PE
    Total System Jitter     (TSJ):    0.050ns
    Total Input Jitter      (TIJ):    0.000ns
    Discrete Jitter          (DJ):    0.000ns
    Phase Error              (PE):    0.000ns

    Location             Delay type                Incr(ns)  Path(ns)    Netlist Resource(s)
  -------------------------------------------------------------------    -------------------
                         (clock sys_clk_pin rise edge)
                                                      0.000     0.000 r  
    E3                                                0.000     0.000 r  clk (IN)
                         net (fo=0)                   0.000     0.000    clk
    E3                   IBUF (Prop_ibuf_I_O)         0.250     0.250 r  clk_IBUF_inst/O
                         net (fo=1, routed)           0.644     0.894    clk_IBUF
    BUFGCTRL_X0Y16       BUFG (Prop_bufg_I_O)         0.026     0.920 r  clk_IBUF_BUFG_inst/O
                         net (fo=56, routed)          0.600     1.519    u_crc/clk_IBUF_BUFG
    SLICE_X0Y64          FDCE                                         r  u_crc/crc_out_reg[6]_lopt_replica/C
  -------------------------------------------------------------------    -------------------
    SLICE_X0Y64          FDCE (Prop_fdce_C_Q)         0.141     1.660 r  u_crc/crc_out_reg[6]_lopt_replica/Q
                         net (fo=1, routed)           0.393     2.054    lopt_10
    U17                  OBUF (Prop_obuf_I_O)         1.256     3.309 r  led_crc_OBUF[6]_inst/O
                         net (fo=0)                   0.000     3.309    led_crc[6]
    U17                                                               r  led_crc[6] (OUT)
  -------------------------------------------------------------------    -------------------

Slack:                    inf
  Source:                 u_crc/crc_out_reg[5]_lopt_replica/C
                            (rising edge-triggered cell FDCE clocked by sys_clk_pin  {rise@0.000ns fall@5.000ns period=10.000ns})
  Destination:            led_crc[5]
                            (output port)
  Path Group:             (none)
  Path Type:              Min at Fast Process Corner
  Data Path Delay:        1.791ns  (logic 1.433ns (80.035%)  route 0.358ns (19.965%))
  Logic Levels:           1  (OBUF=1)
  Clock Uncertainty:      0.025ns  ((TSJ^2 + TIJ^2)^1/2 + DJ) / 2 + PE
    Total System Jitter     (TSJ):    0.050ns
    Total Input Jitter      (TIJ):    0.000ns
    Discrete Jitter          (DJ):    0.000ns
    Phase Error              (PE):    0.000ns

    Location             Delay type                Incr(ns)  Path(ns)    Netlist Resource(s)
  -------------------------------------------------------------------    -------------------
                         (clock sys_clk_pin rise edge)
                                                      0.000     0.000 r  
    E3                                                0.000     0.000 r  clk (IN)
                         net (fo=0)                   0.000     0.000    clk
    E3                   IBUF (Prop_ibuf_I_O)         0.250     0.250 r  clk_IBUF_inst/O
                         net (fo=1, routed)           0.644     0.894    clk_IBUF
    BUFGCTRL_X0Y16       BUFG (Prop_bufg_I_O)         0.026     0.920 r  clk_IBUF_BUFG_inst/O
                         net (fo=56, routed)          0.600     1.519    u_crc/clk_IBUF_BUFG
    SLICE_X0Y63          FDCE                                         r  u_crc/crc_out_reg[5]_lopt_replica/C
  -------------------------------------------------------------------    -------------------
    SLICE_X0Y63          FDCE (Prop_fdce_C_Q)         0.128     1.647 r  u_crc/crc_out_reg[5]_lopt_replica/Q
                         net (fo=1, routed)           0.358     2.005    lopt_9
    V17                  OBUF (Prop_obuf_I_O)         1.305     3.310 r  led_crc_OBUF[5]_inst/O
                         net (fo=0)                   0.000     3.310    led_crc[5]
    V17                                                               r  led_crc[5] (OUT)
  -------------------------------------------------------------------    -------------------

Slack:                    inf
  Source:                 u_crc/crc_out_reg[10]_lopt_replica/C
                            (rising edge-triggered cell FDCE clocked by sys_clk_pin  {rise@0.000ns fall@5.000ns period=10.000ns})
  Destination:            led_crc[10]
                            (output port)
  Path Group:             (none)
  Path Type:              Min at Fast Process Corner
  Data Path Delay:        1.804ns  (logic 1.394ns (77.272%)  route 0.410ns (22.728%))
  Logic Levels:           1  (OBUF=1)
  Clock Uncertainty:      0.025ns  ((TSJ^2 + TIJ^2)^1/2 + DJ) / 2 + PE
    Total System Jitter     (TSJ):    0.050ns
    Total Input Jitter      (TIJ):    0.000ns
    Discrete Jitter          (DJ):    0.000ns
    Phase Error              (PE):    0.000ns

    Location             Delay type                Incr(ns)  Path(ns)    Netlist Resource(s)
  -------------------------------------------------------------------    -------------------
                         (clock sys_clk_pin rise edge)
                                                      0.000     0.000 r  
    E3                                                0.000     0.000 r  clk (IN)
                         net (fo=0)                   0.000     0.000    clk
    E3                   IBUF (Prop_ibuf_I_O)         0.250     0.250 r  clk_IBUF_inst/O
                         net (fo=1, routed)           0.644     0.894    clk_IBUF
    BUFGCTRL_X0Y16       BUFG (Prop_bufg_I_O)         0.026     0.920 r  clk_IBUF_BUFG_inst/O
                         net (fo=56, routed)          0.602     1.521    u_crc/clk_IBUF_BUFG
    SLICE_X0Y60          FDCE                                         r  u_crc/crc_out_reg[10]_lopt_replica/C
  -------------------------------------------------------------------    -------------------
    SLICE_X0Y60          FDCE (Prop_fdce_C_Q)         0.141     1.662 r  u_crc/crc_out_reg[10]_lopt_replica/Q
                         net (fo=1, routed)           0.410     2.072    lopt_1
    U14                  OBUF (Prop_obuf_I_O)         1.253     3.325 r  led_crc_OBUF[10]_inst/O
                         net (fo=0)                   0.000     3.325    led_crc[10]
    U14                                                               r  led_crc[10] (OUT)
  -------------------------------------------------------------------    -------------------

Slack:                    inf
  Source:                 u_crc/crc_out_reg[14]/C
                            (rising edge-triggered cell FDCE clocked by sys_clk_pin  {rise@0.000ns fall@5.000ns period=10.000ns})
  Destination:            led_crc[14]
                            (output port)
  Path Group:             (none)
  Path Type:              Min at Fast Process Corner
  Data Path Delay:        1.806ns  (logic 1.412ns (78.191%)  route 0.394ns (21.809%))
  Logic Levels:           1  (OBUF=1)
  Clock Uncertainty:      0.025ns  ((TSJ^2 + TIJ^2)^1/2 + DJ) / 2 + PE
    Total System Jitter     (TSJ):    0.050ns
    Total Input Jitter      (TIJ):    0.000ns
    Discrete Jitter          (DJ):    0.000ns
    Phase Error              (PE):    0.000ns

    Location             Delay type                Incr(ns)  Path(ns)    Netlist Resource(s)
  -------------------------------------------------------------------    -------------------
                         (clock sys_clk_pin rise edge)
                                                      0.000     0.000 r  
    E3                                                0.000     0.000 r  clk (IN)
                         net (fo=0)                   0.000     0.000    clk
    E3                   IBUF (Prop_ibuf_I_O)         0.250     0.250 r  clk_IBUF_inst/O
                         net (fo=1, routed)           0.644     0.894    clk_IBUF
    BUFGCTRL_X0Y16       BUFG (Prop_bufg_I_O)         0.026     0.920 r  clk_IBUF_BUFG_inst/O
                         net (fo=56, routed)          0.601     1.520    u_crc/clk_IBUF_BUFG
    SLICE_X0Y62          FDCE                                         r  u_crc/crc_out_reg[14]/C
  -------------------------------------------------------------------    -------------------
    SLICE_X0Y62          FDCE (Prop_fdce_C_Q)         0.141     1.661 r  u_crc/crc_out_reg[14]/Q
                         net (fo=8, routed)           0.394     2.055    led_crc_OBUF[14]
    V12                  OBUF (Prop_obuf_I_O)         1.271     3.326 r  led_crc_OBUF[14]_inst/O
                         net (fo=0)                   0.000     3.326    led_crc[14]
    V12                                                               r  led_crc[14] (OUT)
  -------------------------------------------------------------------    -------------------

Slack:                    inf
  Source:                 u_crc/crc_out_reg[9]_lopt_replica/C
                            (rising edge-triggered cell FDCE clocked by sys_clk_pin  {rise@0.000ns fall@5.000ns period=10.000ns})
  Destination:            led_crc[9]
                            (output port)
  Path Group:             (none)
  Path Type:              Min at Fast Process Corner
  Data Path Delay:        1.812ns  (logic 1.396ns (77.030%)  route 0.416ns (22.970%))
  Logic Levels:           1  (OBUF=1)
  Clock Uncertainty:      0.025ns  ((TSJ^2 + TIJ^2)^1/2 + DJ) / 2 + PE
    Total System Jitter     (TSJ):    0.050ns
    Total Input Jitter      (TIJ):    0.000ns
    Discrete Jitter          (DJ):    0.000ns
    Phase Error              (PE):    0.000ns

    Location             Delay type                Incr(ns)  Path(ns)    Netlist Resource(s)
  -------------------------------------------------------------------    -------------------
                         (clock sys_clk_pin rise edge)
                                                      0.000     0.000 r  
    E3                                                0.000     0.000 r  clk (IN)
                         net (fo=0)                   0.000     0.000    clk
    E3                   IBUF (Prop_ibuf_I_O)         0.250     0.250 r  clk_IBUF_inst/O
                         net (fo=1, routed)           0.644     0.894    clk_IBUF
    BUFGCTRL_X0Y16       BUFG (Prop_bufg_I_O)         0.026     0.920 r  clk_IBUF_BUFG_inst/O
                         net (fo=56, routed)          0.600     1.519    u_crc/clk_IBUF_BUFG
    SLICE_X0Y64          FDCE                                         r  u_crc/crc_out_reg[9]_lopt_replica/C
  -------------------------------------------------------------------    -------------------
    SLICE_X0Y64          FDCE (Prop_fdce_C_Q)         0.141     1.660 r  u_crc/crc_out_reg[9]_lopt_replica/Q
                         net (fo=1, routed)           0.416     2.077    lopt_13
    T15                  OBUF (Prop_obuf_I_O)         1.255     3.332 r  led_crc_OBUF[9]_inst/O
                         net (fo=0)                   0.000     3.332    led_crc[9]
    T15                                                               r  led_crc[9] (OUT)
  -------------------------------------------------------------------    -------------------

Slack:                    inf
  Source:                 u_crc/crc_out_reg[13]_lopt_replica/C
                            (rising edge-triggered cell FDCE clocked by sys_clk_pin  {rise@0.000ns fall@5.000ns period=10.000ns})
  Destination:            led_crc[13]
                            (output port)
  Path Group:             (none)
  Path Type:              Min at Fast Process Corner
  Data Path Delay:        1.816ns  (logic 1.419ns (78.122%)  route 0.397ns (21.878%))
  Logic Levels:           1  (OBUF=1)
  Clock Uncertainty:      0.025ns  ((TSJ^2 + TIJ^2)^1/2 + DJ) / 2 + PE
    Total System Jitter     (TSJ):    0.050ns
    Total Input Jitter      (TIJ):    0.000ns
    Discrete Jitter          (DJ):    0.000ns
    Phase Error              (PE):    0.000ns

    Location             Delay type                Incr(ns)  Path(ns)    Netlist Resource(s)
  -------------------------------------------------------------------    -------------------
                         (clock sys_clk_pin rise edge)
                                                      0.000     0.000 r  
    E3                                                0.000     0.000 r  clk (IN)
                         net (fo=0)                   0.000     0.000    clk
    E3                   IBUF (Prop_ibuf_I_O)         0.250     0.250 r  clk_IBUF_inst/O
                         net (fo=1, routed)           0.644     0.894    clk_IBUF
    BUFGCTRL_X0Y16       BUFG (Prop_bufg_I_O)         0.026     0.920 r  clk_IBUF_BUFG_inst/O
                         net (fo=56, routed)          0.602     1.521    u_crc/clk_IBUF_BUFG
    SLICE_X2Y60          FDCE                                         r  u_crc/crc_out_reg[13]_lopt_replica/C
  -------------------------------------------------------------------    -------------------
    SLICE_X2Y60          FDCE (Prop_fdce_C_Q)         0.164     1.685 r  u_crc/crc_out_reg[13]_lopt_replica/Q
                         net (fo=1, routed)           0.397     2.083    lopt_4
    V14                  OBUF (Prop_obuf_I_O)         1.255     3.337 r  led_crc_OBUF[13]_inst/O
                         net (fo=0)                   0.000     3.337    led_crc[13]
    V14                                                               r  led_crc[13] (OUT)
  -------------------------------------------------------------------    -------------------





--------------------------------------------------------------------------------------
Path Group:  (none)
From Clock:  
  To Clock:  sys_clk_pin

Max Delay            70 Endpoints
Min Delay            70 Endpoints
--------------------------------------------------------------------------------------


Max Delay Paths
--------------------------------------------------------------------------------------
Slack:                    inf
  Source:                 data_sw
                            (input port)
  Destination:            u_crc/crc_out_reg[10]_lopt_replica/D
                            (rising edge-triggered cell FDCE clocked by sys_clk_pin  {rise@0.000ns fall@5.000ns period=10.000ns})
  Path Group:             (none)
  Path Type:              Setup (Max at Slow Process Corner)
  Data Path Delay:        4.896ns  (logic 1.630ns (33.284%)  route 3.266ns (66.716%))
  Logic Levels:           2  (IBUF=1 LUT3=1)
  Clock Path Skew:        5.026ns (DCD - SCD + CPR)
    Destination Clock Delay (DCD):    5.026ns
    Source Clock Delay      (SCD):    0.000ns
    Clock Pessimism Removal (CPR):    0.000ns
  Clock Uncertainty:      0.025ns  ((TSJ^2 + TIJ^2)^1/2 + DJ) / 2 + PE
    Total System Jitter     (TSJ):    0.050ns
    Total Input Jitter      (TIJ):    0.000ns
    Discrete Jitter          (DJ):    0.000ns
    Phase Error              (PE):    0.000ns

    Location             Delay type                Incr(ns)  Path(ns)    Netlist Resource(s)
  -------------------------------------------------------------------    -------------------
    J15                                               0.000     0.000 r  data_sw (IN)
                         net (fo=0)                   0.000     0.000    data_sw
    J15                  IBUF (Prop_ibuf_I_O)         1.478     1.478 r  data_sw_IBUF_inst/O
                         net (fo=7, routed)           2.772     4.249    u_crc/data_sw_IBUF
    SLICE_X1Y62          LUT3 (Prop_lut3_I0_O)        0.152     4.401 r  u_crc/crc_out[10]_i_1/O
                         net (fo=2, routed)           0.495     4.896    u_crc/p_0_out[10]
    SLICE_X0Y60          FDCE                                         r  u_crc/crc_out_reg[10]_lopt_replica/D
  -------------------------------------------------------------------    -------------------

                         (clock sys_clk_pin rise edge)
                                                      0.000     0.000 r  
    E3                                                0.000     0.000 r  clk (IN)
                         net (fo=0)                   0.000     0.000    clk
    E3                   IBUF (Prop_ibuf_I_O)         1.411     1.411 r  clk_IBUF_inst/O
                         net (fo=1, routed)           1.920     3.331    clk_IBUF
    BUFGCTRL_X0Y16       BUFG (Prop_bufg_I_O)         0.091     3.422 r  clk_IBUF_BUFG_inst/O
                         net (fo=56, routed)          1.603     5.026    u_crc/clk_IBUF_BUFG
    SLICE_X0Y60          FDCE                                         r  u_crc/crc_out_reg[10]_lopt_replica/C

Slack:                    inf
  Source:                 rst_btn_raw
                            (input port)
  Destination:            db_lock_reg/CLR
                            (recovery check against rising-edge clock sys_clk_pin  {rise@0.000ns fall@5.000ns period=10.000ns})
  Path Group:             (none)
  Path Type:              Recovery (Max at Slow Process Corner)
  Data Path Delay:        4.853ns  (logic 1.477ns (30.425%)  route 3.377ns (69.575%))
  Logic Levels:           1  (IBUF=1)
  Clock Path Skew:        5.025ns (DCD - SCD + CPR)
    Destination Clock Delay (DCD):    5.025ns
    Source Clock Delay      (SCD):    0.000ns
    Clock Pessimism Removal (CPR):    0.000ns
  Clock Uncertainty:      0.025ns  ((TSJ^2 + TIJ^2)^1/2 + DJ) / 2 + PE
    Total System Jitter     (TSJ):    0.050ns
    Total Input Jitter      (TIJ):    0.000ns
    Discrete Jitter          (DJ):    0.000ns
    Phase Error              (PE):    0.000ns

    Location             Delay type                Incr(ns)  Path(ns)    Netlist Resource(s)
  -------------------------------------------------------------------    -------------------
    N17                                               0.000     0.000 f  rst_btn_raw (IN)
                         net (fo=0)                   0.000     0.000    rst_btn_raw
    N17                  IBUF (Prop_ibuf_I_O)         1.477     1.477 f  rst_btn_raw_IBUF_inst/O
                         net (fo=56, routed)          3.377     4.853    rst_btn_raw_IBUF
    SLICE_X4Y58          FDCE                                         f  db_lock_reg/CLR
  -------------------------------------------------------------------    -------------------

                         (clock sys_clk_pin rise edge)
                                                      0.000     0.000 r  
    E3                                                0.000     0.000 r  clk (IN)
                         net (fo=0)                   0.000     0.000    clk
    E3                   IBUF (Prop_ibuf_I_O)         1.411     1.411 r  clk_IBUF_inst/O
                         net (fo=1, routed)           1.920     3.331    clk_IBUF
    BUFGCTRL_X0Y16       BUFG (Prop_bufg_I_O)         0.091     3.422 r  clk_IBUF_BUFG_inst/O
                         net (fo=56, routed)          1.602     5.025    clk_IBUF_BUFG
    SLICE_X4Y58          FDCE                                         r  db_lock_reg/C

Slack:                    inf
  Source:                 data_sw
                            (input port)
  Destination:            u_crc/crc_out_reg[14]/D
                            (rising edge-triggered cell FDCE clocked by sys_clk_pin  {rise@0.000ns fall@5.000ns period=10.000ns})
  Path Group:             (none)
  Path Type:              Setup (Max at Slow Process Corner)
  Data Path Delay:        4.796ns  (logic 1.602ns (33.396%)  route 3.194ns (66.604%))
  Logic Levels:           2  (IBUF=1 LUT3=1)
  Clock Path Skew:        5.024ns (DCD - SCD + CPR)
    Destination Clock Delay (DCD):    5.024ns
    Source Clock Delay      (SCD):    0.000ns
    Clock Pessimism Removal (CPR):    0.000ns
  Clock Uncertainty:      0.025ns  ((TSJ^2 + TIJ^2)^1/2 + DJ) / 2 + PE
    Total System Jitter     (TSJ):    0.050ns
    Total Input Jitter      (TIJ):    0.000ns
    Discrete Jitter          (DJ):    0.000ns
    Phase Error              (PE):    0.000ns

    Location             Delay type                Incr(ns)  Path(ns)    Netlist Resource(s)
  -------------------------------------------------------------------    -------------------
    J15                                               0.000     0.000 r  data_sw (IN)
                         net (fo=0)                   0.000     0.000    data_sw
    J15                  IBUF (Prop_ibuf_I_O)         1.478     1.478 r  data_sw_IBUF_inst/O
                         net (fo=7, routed)           2.535     4.012    u_crc/data_sw_IBUF
    SLICE_X1Y62          LUT3 (Prop_lut3_I0_O)        0.124     4.136 r  u_crc/crc_out[14]_i_1/O
                         net (fo=1, routed)           0.659     4.796    u_crc/p_0_out[14]
    SLICE_X0Y62          FDCE                                         r  u_crc/crc_out_reg[14]/D
  -------------------------------------------------------------------    -------------------

                         (clock sys_clk_pin rise edge)
                                                      0.000     0.000 r  
    E3                                                0.000     0.000 r  clk (IN)
                         net (fo=0)                   0.000     0.000    clk
    E3                   IBUF (Prop_ibuf_I_O)         1.411     1.411 r  clk_IBUF_inst/O
                         net (fo=1, routed)           1.920     3.331    clk_IBUF
    BUFGCTRL_X0Y16       BUFG (Prop_bufg_I_O)         0.091     3.422 r  clk_IBUF_BUFG_inst/O
                         net (fo=56, routed)          1.601     5.024    u_crc/clk_IBUF_BUFG
    SLICE_X0Y62          FDCE                                         r  u_crc/crc_out_reg[14]/C

Slack:                    inf
  Source:                 data_sw
                            (input port)
  Destination:            u_crc/crc_out_reg[8]/D
                            (rising edge-triggered cell FDCE clocked by sys_clk_pin  {rise@0.000ns fall@5.000ns period=10.000ns})
  Path Group:             (none)
  Path Type:              Setup (Max at Slow Process Corner)
  Data Path Delay:        4.767ns  (logic 1.596ns (33.471%)  route 3.171ns (66.529%))
  Logic Levels:           2  (IBUF=1 LUT3=1)
  Clock Path Skew:        5.024ns (DCD - SCD + CPR)
    Destination Clock Delay (DCD):    5.024ns
    Source Clock Delay      (SCD):    0.000ns
    Clock Pessimism Removal (CPR):    0.000ns
  Clock Uncertainty:      0.025ns  ((TSJ^2 + TIJ^2)^1/2 + DJ) / 2 + PE
    Total System Jitter     (TSJ):    0.050ns
    Total Input Jitter      (TIJ):    0.000ns
    Discrete Jitter          (DJ):    0.000ns
    Phase Error              (PE):    0.000ns

    Location             Delay type                Incr(ns)  Path(ns)    Netlist Resource(s)
  -------------------------------------------------------------------    -------------------
    J15                                               0.000     0.000 r  data_sw (IN)
                         net (fo=0)                   0.000     0.000    data_sw
    J15                  IBUF (Prop_ibuf_I_O)         1.478     1.478 r  data_sw_IBUF_inst/O
                         net (fo=7, routed)           2.535     4.012    u_crc/data_sw_IBUF
    SLICE_X1Y62          LUT3 (Prop_lut3_I0_O)        0.118     4.130 r  u_crc/crc_out[8]_i_1/O
                         net (fo=2, routed)           0.637     4.767    u_crc/p_0_out[8]
    SLICE_X1Y62          FDCE                                         r  u_crc/crc_out_reg[8]/D
  -------------------------------------------------------------------    -------------------

                         (clock sys_clk_pin rise edge)
                                                      0.000     0.000 r  
    E3                                                0.000     0.000 r  clk (IN)
                         net (fo=0)                   0.000     0.000    clk
    E3                   IBUF (Prop_ibuf_I_O)         1.411     1.411 r  clk_IBUF_inst/O
                         net (fo=1, routed)           1.920     3.331    clk_IBUF
    BUFGCTRL_X0Y16       BUFG (Prop_bufg_I_O)         0.091     3.422 r  clk_IBUF_BUFG_inst/O
                         net (fo=56, routed)          1.601     5.024    u_crc/clk_IBUF_BUFG
    SLICE_X1Y62          FDCE                                         r  u_crc/crc_out_reg[8]/C

Slack:                    inf
  Source:                 data_sw
                            (input port)
  Destination:            u_crc/crc_out_reg[10]/D
                            (rising edge-triggered cell FDCE clocked by sys_clk_pin  {rise@0.000ns fall@5.000ns period=10.000ns})
  Path Group:             (none)
  Path Type:              Setup (Max at Slow Process Corner)
  Data Path Delay:        4.753ns  (logic 1.630ns (34.286%)  route 3.123ns (65.714%))
  Logic Levels:           2  (IBUF=1 LUT3=1)
  Clock Path Skew:        5.024ns (DCD - SCD + CPR)
    Destination Clock Delay (DCD):    5.024ns
    Source Clock Delay      (SCD):    0.000ns
    Clock Pessimism Removal (CPR):    0.000ns
  Clock Uncertainty:      0.025ns  ((TSJ^2 + TIJ^2)^1/2 + DJ) / 2 + PE
    Total System Jitter     (TSJ):    0.050ns
    Total Input Jitter      (TIJ):    0.000ns
    Discrete Jitter          (DJ):    0.000ns
    Phase Error              (PE):    0.000ns

    Location             Delay type                Incr(ns)  Path(ns)    Netlist Resource(s)
  -------------------------------------------------------------------    -------------------
    J15                                               0.000     0.000 r  data_sw (IN)
                         net (fo=0)                   0.000     0.000    data_sw
    J15                  IBUF (Prop_ibuf_I_O)         1.478     1.478 r  data_sw_IBUF_inst/O
                         net (fo=7, routed)           2.772     4.249    u_crc/data_sw_IBUF
    SLICE_X1Y62          LUT3 (Prop_lut3_I0_O)        0.152     4.401 r  u_crc/crc_out[10]_i_1/O
                         net (fo=2, routed)           0.352     4.753    u_crc/p_0_out[10]
    SLICE_X0Y62          FDCE                                         r  u_crc/crc_out_reg[10]/D
  -------------------------------------------------------------------    -------------------

                         (clock sys_clk_pin rise edge)
                                                      0.000     0.000 r  
    E3                                                0.000     0.000 r  clk (IN)
                         net (fo=0)                   0.000     0.000    clk
    E3                   IBUF (Prop_ibuf_I_O)         1.411     1.411 r  clk_IBUF_inst/O
                         net (fo=1, routed)           1.920     3.331    clk_IBUF
    BUFGCTRL_X0Y16       BUFG (Prop_bufg_I_O)         0.091     3.422 r  clk_IBUF_BUFG_inst/O
                         net (fo=56, routed)          1.601     5.024    u_crc/clk_IBUF_BUFG
    SLICE_X0Y62          FDCE                                         r  u_crc/crc_out_reg[10]/C

Slack:                    inf
  Source:                 data_sw
                            (input port)
  Destination:            u_crc/crc_out_reg[7]/D
                            (rising edge-triggered cell FDCE clocked by sys_clk_pin  {rise@0.000ns fall@5.000ns period=10.000ns})
  Path Group:             (none)
  Path Type:              Setup (Max at Slow Process Corner)
  Data Path Delay:        4.752ns  (logic 1.602ns (33.701%)  route 3.151ns (66.299%))
  Logic Levels:           2  (IBUF=1 LUT3=1)
  Clock Path Skew:        5.024ns (DCD - SCD + CPR)
    Destination Clock Delay (DCD):    5.024ns
    Source Clock Delay      (SCD):    0.000ns
    Clock Pessimism Removal (CPR):    0.000ns
  Clock Uncertainty:      0.025ns  ((TSJ^2 + TIJ^2)^1/2 + DJ) / 2 + PE
    Total System Jitter     (TSJ):    0.050ns
    Total Input Jitter      (TIJ):    0.000ns
    Discrete Jitter          (DJ):    0.000ns
    Phase Error              (PE):    0.000ns

    Location             Delay type                Incr(ns)  Path(ns)    Netlist Resource(s)
  -------------------------------------------------------------------    -------------------
    J15                                               0.000     0.000 r  data_sw (IN)
                         net (fo=0)                   0.000     0.000    data_sw
    J15                  IBUF (Prop_ibuf_I_O)         1.478     1.478 r  data_sw_IBUF_inst/O
                         net (fo=7, routed)           2.772     4.249    u_crc/data_sw_IBUF
    SLICE_X1Y62          LUT3 (Prop_lut3_I0_O)        0.124     4.373 r  u_crc/crc_out[7]_i_1/O
                         net (fo=2, routed)           0.379     4.752    u_crc/p_0_out[7]
    SLICE_X1Y62          FDCE                                         r  u_crc/crc_out_reg[7]/D
  -------------------------------------------------------------------    -------------------

                         (clock sys_clk_pin rise edge)
                                                      0.000     0.000 r  
    E3                                                0.000     0.000 r  clk (IN)
                         net (fo=0)                   0.000     0.000    clk
    E3                   IBUF (Prop_ibuf_I_O)         1.411     1.411 r  clk_IBUF_inst/O
                         net (fo=1, routed)           1.920     3.331    clk_IBUF
    BUFGCTRL_X0Y16       BUFG (Prop_bufg_I_O)         0.091     3.422 r  clk_IBUF_BUFG_inst/O
                         net (fo=56, routed)          1.601     5.024    u_crc/clk_IBUF_BUFG
    SLICE_X1Y62          FDCE                                         r  u_crc/crc_out_reg[7]/C

Slack:                    inf
  Source:                 data_sw
                            (input port)
  Destination:            u_crc/crc_out_reg[3]_lopt_replica/D
                            (rising edge-triggered cell FDCE clocked by sys_clk_pin  {rise@0.000ns fall@5.000ns period=10.000ns})
  Path Group:             (none)
  Path Type:              Setup (Max at Slow Process Corner)
  Data Path Delay:        4.742ns  (logic 1.602ns (33.774%)  route 3.141ns (66.226%))
  Logic Levels:           2  (IBUF=1 LUT3=1)
  Clock Path Skew:        5.023ns (DCD - SCD + CPR)
    Destination Clock Delay (DCD):    5.023ns
    Source Clock Delay      (SCD):    0.000ns
    Clock Pessimism Removal (CPR):    0.000ns
  Clock Uncertainty:      0.025ns  ((TSJ^2 + TIJ^2)^1/2 + DJ) / 2 + PE
    Total System Jitter     (TSJ):    0.050ns
    Total Input Jitter      (TIJ):    0.000ns
    Discrete Jitter          (DJ):    0.000ns
    Phase Error              (PE):    0.000ns

    Location             Delay type                Incr(ns)  Path(ns)    Netlist Resource(s)
  -------------------------------------------------------------------    -------------------
    J15                                               0.000     0.000 r  data_sw (IN)
                         net (fo=0)                   0.000     0.000    data_sw
    J15                  IBUF (Prop_ibuf_I_O)         1.478     1.478 r  data_sw_IBUF_inst/O
                         net (fo=7, routed)           2.386     3.863    u_crc/data_sw_IBUF
    SLICE_X1Y63          LUT3 (Prop_lut3_I0_O)        0.124     3.987 r  u_crc/crc_out[3]_i_1/O
                         net (fo=2, routed)           0.755     4.742    u_crc/p_0_out[3]
    SLICE_X0Y63          FDCE                                         r  u_crc/crc_out_reg[3]_lopt_replica/D
  -------------------------------------------------------------------    -------------------

                         (clock sys_clk_pin rise edge)
                                                      0.000     0.000 r  
    E3                                                0.000     0.000 r  clk (IN)
                         net (fo=0)                   0.000     0.000    clk
    E3                   IBUF (Prop_ibuf_I_O)         1.411     1.411 r  clk_IBUF_inst/O
                         net (fo=1, routed)           1.920     3.331    clk_IBUF
    BUFGCTRL_X0Y16       BUFG (Prop_bufg_I_O)         0.091     3.422 r  clk_IBUF_BUFG_inst/O
                         net (fo=56, routed)          1.600     5.023    u_crc/clk_IBUF_BUFG
    SLICE_X0Y63          FDCE                                         r  u_crc/crc_out_reg[3]_lopt_replica/C

Slack:                    inf
  Source:                 data_sw
                            (input port)
  Destination:            u_crc/crc_out_reg[3]/D
                            (rising edge-triggered cell FDCE clocked by sys_clk_pin  {rise@0.000ns fall@5.000ns period=10.000ns})
  Path Group:             (none)
  Path Type:              Setup (Max at Slow Process Corner)
  Data Path Delay:        4.739ns  (logic 1.602ns (33.796%)  route 3.137ns (66.204%))
  Logic Levels:           2  (IBUF=1 LUT3=1)
  Clock Path Skew:        5.023ns (DCD - SCD + CPR)
    Destination Clock Delay (DCD):    5.023ns
    Source Clock Delay      (SCD):    0.000ns
    Clock Pessimism Removal (CPR):    0.000ns
  Clock Uncertainty:      0.025ns  ((TSJ^2 + TIJ^2)^1/2 + DJ) / 2 + PE
    Total System Jitter     (TSJ):    0.050ns
    Total Input Jitter      (TIJ):    0.000ns
    Discrete Jitter          (DJ):    0.000ns
    Phase Error              (PE):    0.000ns

    Location             Delay type                Incr(ns)  Path(ns)    Netlist Resource(s)
  -------------------------------------------------------------------    -------------------
    J15                                               0.000     0.000 r  data_sw (IN)
                         net (fo=0)                   0.000     0.000    data_sw
    J15                  IBUF (Prop_ibuf_I_O)         1.478     1.478 r  data_sw_IBUF_inst/O
                         net (fo=7, routed)           2.386     3.863    u_crc/data_sw_IBUF
    SLICE_X1Y63          LUT3 (Prop_lut3_I0_O)        0.124     3.987 r  u_crc/crc_out[3]_i_1/O
                         net (fo=2, routed)           0.752     4.739    u_crc/p_0_out[3]
    SLICE_X0Y63          FDCE                                         r  u_crc/crc_out_reg[3]/D
  -------------------------------------------------------------------    -------------------

                         (clock sys_clk_pin rise edge)
                                                      0.000     0.000 r  
    E3                                                0.000     0.000 r  clk (IN)
                         net (fo=0)                   0.000     0.000    clk
    E3                   IBUF (Prop_ibuf_I_O)         1.411     1.411 r  clk_IBUF_inst/O
                         net (fo=1, routed)           1.920     3.331    clk_IBUF
    BUFGCTRL_X0Y16       BUFG (Prop_bufg_I_O)         0.091     3.422 r  clk_IBUF_BUFG_inst/O
                         net (fo=56, routed)          1.600     5.023    u_crc/clk_IBUF_BUFG
    SLICE_X0Y63          FDCE                                         r  u_crc/crc_out_reg[3]/C

Slack:                    inf
  Source:                 rst_btn_raw
                            (input port)
  Destination:            db_cnt_reg[0]/CLR
                            (recovery check against rising-edge clock sys_clk_pin  {rise@0.000ns fall@5.000ns period=10.000ns})
  Path Group:             (none)
  Path Type:              Recovery (Max at Slow Process Corner)
  Data Path Delay:        4.574ns  (logic 1.477ns (32.282%)  route 3.097ns (67.718%))
  Logic Levels:           1  (IBUF=1)
  Clock Path Skew:        5.026ns (DCD - SCD + CPR)
    Destination Clock Delay (DCD):    5.026ns
    Source Clock Delay      (SCD):    0.000ns
    Clock Pessimism Removal (CPR):    0.000ns
  Clock Uncertainty:      0.025ns  ((TSJ^2 + TIJ^2)^1/2 + DJ) / 2 + PE
    Total System Jitter     (TSJ):    0.050ns
    Total Input Jitter      (TIJ):    0.000ns
    Discrete Jitter          (DJ):    0.000ns
    Phase Error              (PE):    0.000ns

    Location             Delay type                Incr(ns)  Path(ns)    Netlist Resource(s)
  -------------------------------------------------------------------    -------------------
    N17                                               0.000     0.000 f  rst_btn_raw (IN)
                         net (fo=0)                   0.000     0.000    rst_btn_raw
    N17                  IBUF (Prop_ibuf_I_O)         1.477     1.477 f  rst_btn_raw_IBUF_inst/O
                         net (fo=56, routed)          3.097     4.574    rst_btn_raw_IBUF
    SLICE_X4Y56          FDCE                                         f  db_cnt_reg[0]/CLR
  -------------------------------------------------------------------    -------------------

                         (clock sys_clk_pin rise edge)
                                                      0.000     0.000 r  
    E3                                                0.000     0.000 r  clk (IN)
                         net (fo=0)                   0.000     0.000    clk
    E3                   IBUF (Prop_ibuf_I_O)         1.411     1.411 r  clk_IBUF_inst/O
                         net (fo=1, routed)           1.920     3.331    clk_IBUF
    BUFGCTRL_X0Y16       BUFG (Prop_bufg_I_O)         0.091     3.422 r  clk_IBUF_BUFG_inst/O
                         net (fo=56, routed)          1.603     5.026    clk_IBUF_BUFG
    SLICE_X4Y56          FDCE                                         r  db_cnt_reg[0]/C

Slack:                    inf
  Source:                 data_sw
                            (input port)
  Destination:            u_crc/crc_out_reg[4]_lopt_replica/D
                            (rising edge-triggered cell FDCE clocked by sys_clk_pin  {rise@0.000ns fall@5.000ns period=10.000ns})
  Path Group:             (none)
  Path Type:              Setup (Max at Slow Process Corner)
  Data Path Delay:        4.553ns  (logic 1.596ns (35.045%)  route 2.957ns (64.955%))
  Logic Levels:           2  (IBUF=1 LUT3=1)
  Clock Path Skew:        5.023ns (DCD - SCD + CPR)
    Destination Clock Delay (DCD):    5.023ns
    Source Clock Delay      (SCD):    0.000ns
    Clock Pessimism Removal (CPR):    0.000ns
  Clock Uncertainty:      0.025ns  ((TSJ^2 + TIJ^2)^1/2 + DJ) / 2 + PE
    Total System Jitter     (TSJ):    0.050ns
    Total Input Jitter      (TIJ):    0.000ns
    Discrete Jitter          (DJ):    0.000ns
    Phase Error              (PE):    0.000ns

    Location             Delay type                Incr(ns)  Path(ns)    Netlist Resource(s)
  -------------------------------------------------------------------    -------------------
    J15                                               0.000     0.000 r  data_sw (IN)
                         net (fo=0)                   0.000     0.000    data_sw
    J15                  IBUF (Prop_ibuf_I_O)         1.478     1.478 r  data_sw_IBUF_inst/O
                         net (fo=7, routed)           2.386     3.863    u_crc/data_sw_IBUF
    SLICE_X1Y63          LUT3 (Prop_lut3_I0_O)        0.118     3.981 r  u_crc/crc_out[4]_i_1/O
                         net (fo=2, routed)           0.572     4.553    u_crc/p_0_out[4]
    SLICE_X0Y63          FDCE                                         r  u_crc/crc_out_reg[4]_lopt_replica/D
  -------------------------------------------------------------------    -------------------

                         (clock sys_clk_pin rise edge)
                                                      0.000     0.000 r  
    E3                                                0.000     0.000 r  clk (IN)
                         net (fo=0)                   0.000     0.000    clk
    E3                   IBUF (Prop_ibuf_I_O)         1.411     1.411 r  clk_IBUF_inst/O
                         net (fo=1, routed)           1.920     3.331    clk_IBUF
    BUFGCTRL_X0Y16       BUFG (Prop_bufg_I_O)         0.091     3.422 r  clk_IBUF_BUFG_inst/O
                         net (fo=56, routed)          1.600     5.023    u_crc/clk_IBUF_BUFG
    SLICE_X0Y63          FDCE                                         r  u_crc/crc_out_reg[4]_lopt_replica/C





Min Delay Paths
--------------------------------------------------------------------------------------
Slack:                    inf
  Source:                 rst_btn_raw
                            (input port)
  Destination:            u_crc/crc_out_reg[0]/CLR
                            (removal check against rising-edge clock sys_clk_pin  {rise@0.000ns fall@5.000ns period=10.000ns})
  Path Group:             (none)
  Path Type:              Removal (Min at Fast Process Corner)
  Data Path Delay:        0.900ns  (logic 0.244ns (27.150%)  route 0.656ns (72.850%))
  Logic Levels:           1  (IBUF=1)
  Clock Path Skew:        2.037ns (DCD - SCD - CPR)
    Destination Clock Delay (DCD):    2.037ns
    Source Clock Delay      (SCD):    0.000ns
    Clock Pessimism Removal (CPR):    -0.000ns

    Location             Delay type                Incr(ns)  Path(ns)    Netlist Resource(s)
  -------------------------------------------------------------------    -------------------
    N17                                               0.000     0.000 f  rst_btn_raw (IN)
                         net (fo=0)                   0.000     0.000    rst_btn_raw
    N17                  IBUF (Prop_ibuf_I_O)         0.244     0.244 f  rst_btn_raw_IBUF_inst/O
                         net (fo=56, routed)          0.656     0.900    u_crc/rst_btn_raw_IBUF
    SLICE_X1Y64          FDCE                                         f  u_crc/crc_out_reg[0]/CLR
  -------------------------------------------------------------------    -------------------

                         (clock sys_clk_pin rise edge)
                                                      0.000     0.000 r  
    E3                                                0.000     0.000 r  clk (IN)
                         net (fo=0)                   0.000     0.000    clk
    E3                   IBUF (Prop_ibuf_I_O)         0.438     0.438 r  clk_IBUF_inst/O
                         net (fo=1, routed)           0.699     1.136    clk_IBUF
    BUFGCTRL_X0Y16       BUFG (Prop_bufg_I_O)         0.029     1.165 r  clk_IBUF_BUFG_inst/O
                         net (fo=56, routed)          0.872     2.037    u_crc/clk_IBUF_BUFG
    SLICE_X1Y64          FDCE                                         r  u_crc/crc_out_reg[0]/C

Slack:                    inf
  Source:                 rst_btn_raw
                            (input port)
  Destination:            u_crc/crc_out_reg[1]/CLR
                            (removal check against rising-edge clock sys_clk_pin  {rise@0.000ns fall@5.000ns period=10.000ns})
  Path Group:             (none)
  Path Type:              Removal (Min at Fast Process Corner)
  Data Path Delay:        0.900ns  (logic 0.244ns (27.150%)  route 0.656ns (72.850%))
  Logic Levels:           1  (IBUF=1)
  Clock Path Skew:        2.037ns (DCD - SCD - CPR)
    Destination Clock Delay (DCD):    2.037ns
    Source Clock Delay      (SCD):    0.000ns
    Clock Pessimism Removal (CPR):    -0.000ns

    Location             Delay type                Incr(ns)  Path(ns)    Netlist Resource(s)
  -------------------------------------------------------------------    -------------------
    N17                                               0.000     0.000 f  rst_btn_raw (IN)
                         net (fo=0)                   0.000     0.000    rst_btn_raw
    N17                  IBUF (Prop_ibuf_I_O)         0.244     0.244 f  rst_btn_raw_IBUF_inst/O
                         net (fo=56, routed)          0.656     0.900    u_crc/rst_btn_raw_IBUF
    SLICE_X1Y64          FDCE                                         f  u_crc/crc_out_reg[1]/CLR
  -------------------------------------------------------------------    -------------------

                         (clock sys_clk_pin rise edge)
                                                      0.000     0.000 r  
    E3                                                0.000     0.000 r  clk (IN)
                         net (fo=0)                   0.000     0.000    clk
    E3                   IBUF (Prop_ibuf_I_O)         0.438     0.438 r  clk_IBUF_inst/O
                         net (fo=1, routed)           0.699     1.136    clk_IBUF
    BUFGCTRL_X0Y16       BUFG (Prop_bufg_I_O)         0.029     1.165 r  clk_IBUF_BUFG_inst/O
                         net (fo=56, routed)          0.872     2.037    u_crc/clk_IBUF_BUFG
    SLICE_X1Y64          FDCE                                         r  u_crc/crc_out_reg[1]/C

Slack:                    inf
  Source:                 rst_btn_raw
                            (input port)
  Destination:            u_crc/crc_out_reg[1]_lopt_replica/CLR
                            (removal check against rising-edge clock sys_clk_pin  {rise@0.000ns fall@5.000ns period=10.000ns})
  Path Group:             (none)
  Path Type:              Removal (Min at Fast Process Corner)
  Data Path Delay:        0.900ns  (logic 0.244ns (27.150%)  route 0.656ns (72.850%))
  Logic Levels:           1  (IBUF=1)
  Clock Path Skew:        2.037ns (DCD - SCD - CPR)
    Destination Clock Delay (DCD):    2.037ns
    Source Clock Delay      (SCD):    0.000ns
    Clock Pessimism Removal (CPR):    -0.000ns

    Location             Delay type                Incr(ns)  Path(ns)    Netlist Resource(s)
  -------------------------------------------------------------------    -------------------
    N17                                               0.000     0.000 f  rst_btn_raw (IN)
                         net (fo=0)                   0.000     0.000    rst_btn_raw
    N17                  IBUF (Prop_ibuf_I_O)         0.244     0.244 f  rst_btn_raw_IBUF_inst/O
                         net (fo=56, routed)          0.656     0.900    u_crc/rst_btn_raw_IBUF
    SLICE_X1Y64          FDCE                                         f  u_crc/crc_out_reg[1]_lopt_replica/CLR
  -------------------------------------------------------------------    -------------------

                         (clock sys_clk_pin rise edge)
                                                      0.000     0.000 r  
    E3                                                0.000     0.000 r  clk (IN)
                         net (fo=0)                   0.000     0.000    clk
    E3                   IBUF (Prop_ibuf_I_O)         0.438     0.438 r  clk_IBUF_inst/O
                         net (fo=1, routed)           0.699     1.136    clk_IBUF
    BUFGCTRL_X0Y16       BUFG (Prop_bufg_I_O)         0.029     1.165 r  clk_IBUF_BUFG_inst/O
                         net (fo=56, routed)          0.872     2.037    u_crc/clk_IBUF_BUFG
    SLICE_X1Y64          FDCE                                         r  u_crc/crc_out_reg[1]_lopt_replica/C

Slack:                    inf
  Source:                 rst_btn_raw
                            (input port)
  Destination:            u_crc/crc_out_reg[2]/CLR
                            (removal check against rising-edge clock sys_clk_pin  {rise@0.000ns fall@5.000ns period=10.000ns})
  Path Group:             (none)
  Path Type:              Removal (Min at Fast Process Corner)
  Data Path Delay:        0.900ns  (logic 0.244ns (27.150%)  route 0.656ns (72.850%))
  Logic Levels:           1  (IBUF=1)
  Clock Path Skew:        2.037ns (DCD - SCD - CPR)
    Destination Clock Delay (DCD):    2.037ns
    Source Clock Delay      (SCD):    0.000ns
    Clock Pessimism Removal (CPR):    -0.000ns

    Location             Delay type                Incr(ns)  Path(ns)    Netlist Resource(s)
  -------------------------------------------------------------------    -------------------
    N17                                               0.000     0.000 f  rst_btn_raw (IN)
                         net (fo=0)                   0.000     0.000    rst_btn_raw
    N17                  IBUF (Prop_ibuf_I_O)         0.244     0.244 f  rst_btn_raw_IBUF_inst/O
                         net (fo=56, routed)          0.656     0.900    u_crc/rst_btn_raw_IBUF
    SLICE_X1Y64          FDCE                                         f  u_crc/crc_out_reg[2]/CLR
  -------------------------------------------------------------------    -------------------

                         (clock sys_clk_pin rise edge)
                                                      0.000     0.000 r  
    E3                                                0.000     0.000 r  clk (IN)
                         net (fo=0)                   0.000     0.000    clk
    E3                   IBUF (Prop_ibuf_I_O)         0.438     0.438 r  clk_IBUF_inst/O
                         net (fo=1, routed)           0.699     1.136    clk_IBUF
    BUFGCTRL_X0Y16       BUFG (Prop_bufg_I_O)         0.029     1.165 r  clk_IBUF_BUFG_inst/O
                         net (fo=56, routed)          0.872     2.037    u_crc/clk_IBUF_BUFG
    SLICE_X1Y64          FDCE                                         r  u_crc/crc_out_reg[2]/C

Slack:                    inf
  Source:                 rst_btn_raw
                            (input port)
  Destination:            u_crc/crc_out_reg[2]_lopt_replica/CLR
                            (removal check against rising-edge clock sys_clk_pin  {rise@0.000ns fall@5.000ns period=10.000ns})
  Path Group:             (none)
  Path Type:              Removal (Min at Fast Process Corner)
  Data Path Delay:        0.900ns  (logic 0.244ns (27.150%)  route 0.656ns (72.850%))
  Logic Levels:           1  (IBUF=1)
  Clock Path Skew:        2.037ns (DCD - SCD - CPR)
    Destination Clock Delay (DCD):    2.037ns
    Source Clock Delay      (SCD):    0.000ns
    Clock Pessimism Removal (CPR):    -0.000ns

    Location             Delay type                Incr(ns)  Path(ns)    Netlist Resource(s)
  -------------------------------------------------------------------    -------------------
    N17                                               0.000     0.000 f  rst_btn_raw (IN)
                         net (fo=0)                   0.000     0.000    rst_btn_raw
    N17                  IBUF (Prop_ibuf_I_O)         0.244     0.244 f  rst_btn_raw_IBUF_inst/O
                         net (fo=56, routed)          0.656     0.900    u_crc/rst_btn_raw_IBUF
    SLICE_X1Y64          FDCE                                         f  u_crc/crc_out_reg[2]_lopt_replica/CLR
  -------------------------------------------------------------------    -------------------

                         (clock sys_clk_pin rise edge)
                                                      0.000     0.000 r  
    E3                                                0.000     0.000 r  clk (IN)
                         net (fo=0)                   0.000     0.000    clk
    E3                   IBUF (Prop_ibuf_I_O)         0.438     0.438 r  clk_IBUF_inst/O
                         net (fo=1, routed)           0.699     1.136    clk_IBUF
    BUFGCTRL_X0Y16       BUFG (Prop_bufg_I_O)         0.029     1.165 r  clk_IBUF_BUFG_inst/O
                         net (fo=56, routed)          0.872     2.037    u_crc/clk_IBUF_BUFG
    SLICE_X1Y64          FDCE                                         r  u_crc/crc_out_reg[2]_lopt_replica/C

Slack:                    inf
  Source:                 rst_btn_raw
                            (input port)
  Destination:            u_crc/crc_out_reg[8]_lopt_replica/CLR
                            (removal check against rising-edge clock sys_clk_pin  {rise@0.000ns fall@5.000ns period=10.000ns})
  Path Group:             (none)
  Path Type:              Removal (Min at Fast Process Corner)
  Data Path Delay:        0.900ns  (logic 0.244ns (27.150%)  route 0.656ns (72.850%))
  Logic Levels:           1  (IBUF=1)
  Clock Path Skew:        2.037ns (DCD - SCD - CPR)
    Destination Clock Delay (DCD):    2.037ns
    Source Clock Delay      (SCD):    0.000ns
    Clock Pessimism Removal (CPR):    -0.000ns

    Location             Delay type                Incr(ns)  Path(ns)    Netlist Resource(s)
  -------------------------------------------------------------------    -------------------
    N17                                               0.000     0.000 f  rst_btn_raw (IN)
                         net (fo=0)                   0.000     0.000    rst_btn_raw
    N17                  IBUF (Prop_ibuf_I_O)         0.244     0.244 f  rst_btn_raw_IBUF_inst/O
                         net (fo=56, routed)          0.656     0.900    u_crc/rst_btn_raw_IBUF
    SLICE_X1Y64          FDCE                                         f  u_crc/crc_out_reg[8]_lopt_replica/CLR
  -------------------------------------------------------------------    -------------------

                         (clock sys_clk_pin rise edge)
                                                      0.000     0.000 r  
    E3                                                0.000     0.000 r  clk (IN)
                         net (fo=0)                   0.000     0.000    clk
    E3                   IBUF (Prop_ibuf_I_O)         0.438     0.438 r  clk_IBUF_inst/O
                         net (fo=1, routed)           0.699     1.136    clk_IBUF
    BUFGCTRL_X0Y16       BUFG (Prop_bufg_I_O)         0.029     1.165 r  clk_IBUF_BUFG_inst/O
                         net (fo=56, routed)          0.872     2.037    u_crc/clk_IBUF_BUFG
    SLICE_X1Y64          FDCE                                         r  u_crc/crc_out_reg[8]_lopt_replica/C

Slack:                    inf
  Source:                 rst_btn_raw
                            (input port)
  Destination:            u_crc/crc_out_reg[0]_lopt_replica/CLR
                            (removal check against rising-edge clock sys_clk_pin  {rise@0.000ns fall@5.000ns period=10.000ns})
  Path Group:             (none)
  Path Type:              Removal (Min at Fast Process Corner)
  Data Path Delay:        0.905ns  (logic 0.244ns (27.019%)  route 0.660ns (72.981%))
  Logic Levels:           1  (IBUF=1)
  Clock Path Skew:        2.037ns (DCD - SCD - CPR)
    Destination Clock Delay (DCD):    2.037ns
    Source Clock Delay      (SCD):    0.000ns
    Clock Pessimism Removal (CPR):    -0.000ns

    Location             Delay type                Incr(ns)  Path(ns)    Netlist Resource(s)
  -------------------------------------------------------------------    -------------------
    N17                                               0.000     0.000 f  rst_btn_raw (IN)
                         net (fo=0)                   0.000     0.000    rst_btn_raw
    N17                  IBUF (Prop_ibuf_I_O)         0.244     0.244 f  rst_btn_raw_IBUF_inst/O
                         net (fo=56, routed)          0.660     0.905    u_crc/rst_btn_raw_IBUF
    SLICE_X0Y64          FDCE                                         f  u_crc/crc_out_reg[0]_lopt_replica/CLR
  -------------------------------------------------------------------    -------------------

                         (clock sys_clk_pin rise edge)
                                                      0.000     0.000 r  
    E3                                                0.000     0.000 r  clk (IN)
                         net (fo=0)                   0.000     0.000    clk
    E3                   IBUF (Prop_ibuf_I_O)         0.438     0.438 r  clk_IBUF_inst/O
                         net (fo=1, routed)           0.699     1.136    clk_IBUF
    BUFGCTRL_X0Y16       BUFG (Prop_bufg_I_O)         0.029     1.165 r  clk_IBUF_BUFG_inst/O
                         net (fo=56, routed)          0.872     2.037    u_crc/clk_IBUF_BUFG
    SLICE_X0Y64          FDCE                                         r  u_crc/crc_out_reg[0]_lopt_replica/C

Slack:                    inf
  Source:                 rst_btn_raw
                            (input port)
  Destination:            u_crc/crc_out_reg[11]_lopt_replica/CLR
                            (removal check against rising-edge clock sys_clk_pin  {rise@0.000ns fall@5.000ns period=10.000ns})
  Path Group:             (none)
  Path Type:              Removal (Min at Fast Process Corner)
  Data Path Delay:        0.905ns  (logic 0.244ns (27.019%)  route 0.660ns (72.981%))
  Logic Levels:           1  (IBUF=1)
  Clock Path Skew:        2.037ns (DCD - SCD - CPR)
    Destination Clock Delay (DCD):    2.037ns
    Source Clock Delay      (SCD):    0.000ns
    Clock Pessimism Removal (CPR):    -0.000ns

    Location             Delay type                Incr(ns)  Path(ns)    Netlist Resource(s)
  -------------------------------------------------------------------    -------------------
    N17                                               0.000     0.000 f  rst_btn_raw (IN)
                         net (fo=0)                   0.000     0.000    rst_btn_raw
    N17                  IBUF (Prop_ibuf_I_O)         0.244     0.244 f  rst_btn_raw_IBUF_inst/O
                         net (fo=56, routed)          0.660     0.905    u_crc/rst_btn_raw_IBUF
    SLICE_X0Y64          FDCE                                         f  u_crc/crc_out_reg[11]_lopt_replica/CLR
  -------------------------------------------------------------------    -------------------

                         (clock sys_clk_pin rise edge)
                                                      0.000     0.000 r  
    E3                                                0.000     0.000 r  clk (IN)
                         net (fo=0)                   0.000     0.000    clk
    E3                   IBUF (Prop_ibuf_I_O)         0.438     0.438 r  clk_IBUF_inst/O
                         net (fo=1, routed)           0.699     1.136    clk_IBUF
    BUFGCTRL_X0Y16       BUFG (Prop_bufg_I_O)         0.029     1.165 r  clk_IBUF_BUFG_inst/O
                         net (fo=56, routed)          0.872     2.037    u_crc/clk_IBUF_BUFG
    SLICE_X0Y64          FDCE                                         r  u_crc/crc_out_reg[11]_lopt_replica/C

Slack:                    inf
  Source:                 rst_btn_raw
                            (input port)
  Destination:            u_crc/crc_out_reg[6]_lopt_replica/CLR
                            (removal check against rising-edge clock sys_clk_pin  {rise@0.000ns fall@5.000ns period=10.000ns})
  Path Group:             (none)
  Path Type:              Removal (Min at Fast Process Corner)
  Data Path Delay:        0.905ns  (logic 0.244ns (27.019%)  route 0.660ns (72.981%))
  Logic Levels:           1  (IBUF=1)
  Clock Path Skew:        2.037ns (DCD - SCD - CPR)
    Destination Clock Delay (DCD):    2.037ns
    Source Clock Delay      (SCD):    0.000ns
    Clock Pessimism Removal (CPR):    -0.000ns

    Location             Delay type                Incr(ns)  Path(ns)    Netlist Resource(s)
  -------------------------------------------------------------------    -------------------
    N17                                               0.000     0.000 f  rst_btn_raw (IN)
                         net (fo=0)                   0.000     0.000    rst_btn_raw
    N17                  IBUF (Prop_ibuf_I_O)         0.244     0.244 f  rst_btn_raw_IBUF_inst/O
                         net (fo=56, routed)          0.660     0.905    u_crc/rst_btn_raw_IBUF
    SLICE_X0Y64          FDCE                                         f  u_crc/crc_out_reg[6]_lopt_replica/CLR
  -------------------------------------------------------------------    -------------------

                         (clock sys_clk_pin rise edge)
                                                      0.000     0.000 r  
    E3                                                0.000     0.000 r  clk (IN)
                         net (fo=0)                   0.000     0.000    clk
    E3                   IBUF (Prop_ibuf_I_O)         0.438     0.438 r  clk_IBUF_inst/O
                         net (fo=1, routed)           0.699     1.136    clk_IBUF
    BUFGCTRL_X0Y16       BUFG (Prop_bufg_I_O)         0.029     1.165 r  clk_IBUF_BUFG_inst/O
                         net (fo=56, routed)          0.872     2.037    u_crc/clk_IBUF_BUFG
    SLICE_X0Y64          FDCE                                         r  u_crc/crc_out_reg[6]_lopt_replica/C

Slack:                    inf
  Source:                 rst_btn_raw
                            (input port)
  Destination:            u_crc/crc_out_reg[9]_lopt_replica/CLR
                            (removal check against rising-edge clock sys_clk_pin  {rise@0.000ns fall@5.000ns period=10.000ns})
  Path Group:             (none)
  Path Type:              Removal (Min at Fast Process Corner)
  Data Path Delay:        0.905ns  (logic 0.244ns (27.019%)  route 0.660ns (72.981%))
  Logic Levels:           1  (IBUF=1)
  Clock Path Skew:        2.037ns (DCD - SCD - CPR)
    Destination Clock Delay (DCD):    2.037ns
    Source Clock Delay      (SCD):    0.000ns
    Clock Pessimism Removal (CPR):    -0.000ns

    Location             Delay type                Incr(ns)  Path(ns)    Netlist Resource(s)
  -------------------------------------------------------------------    -------------------
    N17                                               0.000     0.000 f  rst_btn_raw (IN)
                         net (fo=0)                   0.000     0.000    rst_btn_raw
    N17                  IBUF (Prop_ibuf_I_O)         0.244     0.244 f  rst_btn_raw_IBUF_inst/O
                         net (fo=56, routed)          0.660     0.905    u_crc/rst_btn_raw_IBUF
    SLICE_X0Y64          FDCE                                         f  u_crc/crc_out_reg[9]_lopt_replica/CLR
  -------------------------------------------------------------------    -------------------

                         (clock sys_clk_pin rise edge)
                                                      0.000     0.000 r  
    E3                                                0.000     0.000 r  clk (IN)
                         net (fo=0)                   0.000     0.000    clk
    E3                   IBUF (Prop_ibuf_I_O)         0.438     0.438 r  clk_IBUF_inst/O
                         net (fo=1, routed)           0.699     1.136    clk_IBUF
    BUFGCTRL_X0Y16       BUFG (Prop_bufg_I_O)         0.029     1.165 r  clk_IBUF_BUFG_inst/O
                         net (fo=56, routed)          0.872     2.037    u_crc/clk_IBUF_BUFG
    SLICE_X0Y64          FDCE                                         r  u_crc/crc_out_reg[9]_lopt_replica/C





